1.800295,4.224604,1.800295,0,4.507173,0,
1.800295,4.224604,1.800295,0,4.507173,0,
1.791459,4.227436,1.791459,0,4.507173,0,
1.609657,4.402452,1.609657,0,4.507173,0,
1.622424,4.392281,1.622424,0,4.507173,0,
1.622841,4.391773,1.622841,0,4.507173,0,
1.622998,4.391714,1.622998,0,4.507173,0,
1.623102,4.391722,1.623102,0,4.507173,0,
1.623003,4.39177,1.623003,0,4.507173,0,
1.622743,4.392121,1.622743,0,4.507173,0,
1.622801,4.392447,1.622801,0,4.507173,0,
1.622766,4.392724,1.622766,0,4.507173,0,
1.622754,4.393182,1.622754,0,4.507173,0,
1.622628,4.393459,1.622628,0,4.507173,0,
1.62249,4.39395,1.62249,0,4.507173,0,
1.622323,4.394532,1.622323,0,4.507173,0,
1.62216,4.395211,1.62216,0,4.507173,0,
1.621921,4.395932,1.621921,0,4.507173,0,
1.62179,4.396729,1.62179,0,4.507173,0,
1.621582,4.397407,1.621582,0,4.507173,0,
1.621462,4.398226,1.621462,0,4.507173,0,
1.621242,4.399066,1.621242,0,4.507173,0,
1.621031,4.400139,1.621031,0,4.507173,0,
1.620805,4.401104,1.620805,0,4.507173,0,
1.620502,4.401968,1.620502,0,4.507173,0,
1.620384,4.402884,1.620384,0,4.507173,0,
1.620351,4.403824,1.620351,0,4.507173,0,
1.620407,4.404684,1.620407,0,4.507173,0,
1.62048,4.405183,1.62048,0,4.507173,0,
1.620553,4.405984,1.620553,0,4.507173,0,
1.620851,4.406659,1.620851,0,4.507173,0,
1.62111,4.407172,1.62111,0,4.507173,0,
1.621433,4.407695,1.621433,0,4.507173,0,
1.621689,4.407949,1.621689,0,4.507173,0,
1.622212,4.40853,1.622212,0,4.507173,0,
1.622792,4.408738,1.622792,0,4.507173,0,
1.623469,4.408777,1.623469,0,4.507173,0,
1.62434,4.408773,1.62434,0,4.507173,0,
1.625264,4.408593,1.625264,0,4.507173,0,
1.626383,4.40823,1.626383,0,4.507173,0,
1.627474,4.407784,1.627474,0,4.507173,0,
1.628739,4.407077,1.628739,0,4.507173,0,
1.62993,4.406235,1.62993,0,4.507173,0,
1.631138,4.405305,1.631138,0,4.507173,0,
1.632277,4.40421,1.632277,0,4.507173,0,
1.633426,4.403085,1.633426,0,4.507173,0,
1.634485,4.401934,1.634485,0,4.507173,0,
1.635543,4.400421,1.635543,0,4.507173,0,
1.636482,4.398995,1.636482,0,4.507173,0,
1.637322,4.397328,1.637322,0,4.507173,0,
1.638155,4.395468,1.638155,0,4.507173,0,
1.638922,4.393479,1.638922,0,4.507173,0,
1.639536,4.391497,1.639536,0,4.507173,0,
1.640077,4.389223,1.640077,0,4.507173,0,
1.640419,4.386643,1.640419,0,4.507173,0,
1.64079,4.383517,1.64079,0,4.507173,0,
1.641052,4.381057,1.641052,0,4.507173,0,
1.641141,4.378109,1.641141,0,4.507173,0,
1.641285,4.375325,1.641285,0,4.507173,0,
1.641318,4.372231,1.641318,0,4.507173,0,
1.641124,4.368801,1.641124,0,4.507173,0,
1.64124,4.365479,1.64124,0,4.507173,0,
1.641371,4.361859,1.641371,0,4.507173,0,
1.641473,4.35802,1.641473,0,4.507173,0,
1.641697,4.353944,1.641697,0,4.507173,0,
1.642147,4.350006,1.642147,0,4.507173,0,
1.642323,4.345488,1.642323,0,4.507173,0,
1.642759,4.341261,1.642759,0,4.507173,0,
1.643379,4.336718,1.643379,0,4.507173,0,
1.644292,4.331954,1.644292,0,4.507173,0,
1.645195,4.327317,1.645195,0,4.507173,0,
1.646476,4.322319,1.646476,0,4.507173,0,
1.648058,4.317261,1.648058,0,4.507173,0,
1.649909,4.311979,1.649909,0,4.507173,0,
1.651967,4.306626,1.651967,0,4.507173,0,
1.654163,4.301031,1.654163,0,4.507173,0,
1.656655,4.295662,1.656655,0,4.507173,0,
1.659643,4.289991,1.659643,0,4.507173,0,
1.66302,4.284339,1.66302,0,4.507173,0,
1.666682,4.278958,1.666682,0,4.507173,0,
1.670563,4.273381,1.670563,0,4.507173,0,
1.674747,4.26782,1.674747,0,4.507173,0,
1.679588,4.261931,1.679588,0,4.507173,0,
1.683956,4.256732,1.683956,0,4.507173,0,
1.689193,4.251439,1.689193,0,4.507173,0,
1.694283,4.24649,1.694283,0,4.507173,0,
1.699815,4.24138,1.699815,0,4.507173,0,
1.70546,4.236259,1.70546,0,4.507173,0,
1.711507,4.231321,1.711507,0,4.507173,0,
1.717865,4.226389,1.717865,0,4.507173,0,
1.724373,4.221606,1.724373,0,4.507173,0,
1.731109,4.216828,1.731109,0,4.507173,0,
1.73816,4.212281,1.73816,0,4.507173,0,
1.744967,4.207613,1.744967,0,4.507173,0,
1.752141,4.202769,1.752141,0,4.507173,0,
1.759785,4.198309,1.759785,0,4.507173,0,
1.767139,4.193832,1.767139,0,4.507173,0,
1.774846,4.189466,1.774846,0,4.507173,0,
1.782477,4.185208,1.782477,0,4.507173,0,
1.790018,4.18083,1.790018,0,4.507173,0,
1.798009,4.176635,1.798009,0,4.507173,0,
1.805871,4.17271,1.805871,0,4.507173,0,
1.813685,4.168604,1.813685,0,4.507173,0,
1.821887,4.164574,1.821887,0,4.507173,0,
1.829903,4.160642,1.829903,0,4.507173,0,
1.837788,4.156538,1.837788,0,4.507173,0,
1.846041,4.152646,1.846041,0,4.507173,0,
1.854144,4.148736,1.854144,0,4.507173,0,
1.862202,4.144593,1.862202,0,4.507173,0,
1.870902,4.140368,1.870902,0,4.507173,0,
1.879126,4.136417,1.879126,0,4.507173,0,
1.887816,4.131953,1.887816,0,4.507173,0,
1.896342,4.127854,1.896342,0,4.507173,0,
1.904903,4.123888,1.904903,0,4.507173,0,
1.91328,4.119631,1.91328,0,4.507173,0,
1.922209,4.1158,1.922209,0,4.507173,0,
1.931042,4.111829,1.931042,0,4.507173,0,
1.939871,4.107699,1.939871,0,4.507173,0,
1.949259,4.10348,1.949259,0,4.507173,0,
1.958372,4.099576,1.958372,0,4.507173,0,
1.967444,4.095526,1.967444,0,4.507173,0,
1.976999,4.091301,1.976999,0,4.507173,0,
1.986389,4.08766,1.986389,0,4.507173,0,
1.995723,4.083821,1.995723,0,4.507173,0,
2.005873,4.080269,2.005873,0,4.507173,0,
2.015663,4.077003,2.015663,0,4.507173,0,
2.025134,4.073411,2.025134,0,4.507173,0,
2.035934,4.070413,2.035934,0,4.507173,0,
2.04591,4.067747,2.04591,0,4.507173,0,
2.055621,4.064771,2.055621,0,4.507173,0,
2.067055,4.062159,2.067055,0,4.507173,0,
2.077151,4.060527,2.077151,0,4.507173,0,
2.086609,4.058044,2.086609,0,4.507173,0,
2.09761,4.056932,2.09761,0,4.507173,0,
2.108067,4.055786,2.108067,0,4.507173,0,
2.117644,4.05414,2.117644,0,4.507173,0,
2.128082,4.053517,2.128082,0,4.507173,0,
2.138607,4.053014,2.138607,0,4.507173,0,
2.147894,4.052317,2.147894,0,4.507173,0,
2.158201,4.052343,2.158201,0,4.507173,0,
2.16853,4.052613,2.16853,0,4.507173,0,
2.177612,4.052538,2.177612,0,4.507173,0,
2.187547,4.052811,2.187547,0,4.507173,0,
2.19748,4.053602,2.19748,0,4.507173,0,
2.2072,4.054756,2.2072,0,4.507173,0,
2.216414,4.055966,2.216414,0,4.507173,0,
2.225857,4.057152,2.225857,0,4.507173,0,
2.235127,4.058548,2.235127,0,4.507173,0,
2.243723,4.060104,2.243723,0,4.507173,0,
2.252704,4.06157,2.252704,0,4.507173,0,
2.261417,4.063119,2.261417,0,4.507173,0,
2.269553,4.064781,2.269553,0,4.507173,0,
2.27846,4.066315,2.27846,0,4.507173,0,
2.28604,4.067538,2.28604,0,4.507173,0,
2.29343,4.068923,2.29343,0,4.507173,0,
2.301338,4.070181,2.301338,0,4.507173,0,
2.308832,4.071182,2.308832,0,4.507173,0,
2.315847,4.072146,2.315847,0,4.507173,0,
2.32318,4.073078,2.32318,0,4.507173,0,
2.330072,4.073728,2.330072,0,4.507173,0,
2.336599,4.074419,2.336599,0,4.507173,0,
2.344083,4.075151,2.344083,0,4.507173,0,
2.349784,4.075426,2.349784,0,4.507173,0,
2.356155,4.075553,2.356155,0,4.507173,0,
2.362351,4.075588,2.362351,0,4.507173,0,
2.368346,4.075492,2.368346,0,4.507173,0,
2.373992,4.075529,2.373992,0,4.507173,0,
2.379765,4.075688,2.379765,0,4.507173,0,
2.385242,4.075732,2.385242,0,4.507173,0,
2.390535,4.075883,2.390535,0,4.507173,0,
2.395924,4.076262,2.395924,0,4.507173,0,
2.401148,4.076509,2.401148,0,4.507173,0,
2.406182,4.076907,2.406182,0,4.507173,0,
2.411306,4.077548,2.411306,0,4.507173,0,
2.416291,4.078162,2.416291,0,4.507173,0,
2.421225,4.078938,2.421225,0,4.507173,0,
2.426124,4.080173,2.426124,0,4.507173,0,
2.430822,4.081203,2.430822,0,4.507173,0,
2.43504,4.082574,2.43504,0,4.507173,0,
2.439552,4.083683,2.439552,0,4.507173,0,
2.444069,4.084656,2.444069,0,4.507173,0,
2.448493,4.085901,2.448493,0,4.507173,0,
2.453089,4.087088,2.453089,0,4.507173,0,
2.457655,4.088529,2.457655,0,4.507173,0,
2.461862,4.089453,2.461862,0,4.507173,0,
2.465873,4.090717,2.465873,0,4.507173,0,
2.469654,4.091587,2.469654,0,4.507173,0,
2.47299,4.092554,2.47299,0,4.507173,0,
2.476403,4.093367,2.476403,0,4.507173,0,
2.479363,4.093913,2.479363,0,4.507173,0,
2.482118,4.094787,2.482118,0,4.507173,0,
2.484894,4.095615,2.484894,0,4.507173,0,
2.487398,4.096232,2.487398,0,4.507173,0,
2.489981,4.09703,2.489981,0,4.507173,0,
2.492603,4.097894,2.492603,0,4.507173,0,
2.495043,4.098551,2.495043,0,4.507173,0,
2.497512,4.09911,2.497512,0,4.507173,0,
2.49992,4.100177,2.49992,0,4.507173,0,
2.51196,4.119704,2.51196,0,4.507173,0,
2.514238,4.120954,2.514238,0,4.507173,0,
2.51653,4.122567,2.51653,0,4.507173,0,
2.518267,4.124111,2.518267,0,4.507173,0,
2.520042,4.125421,2.520042,0,4.507173,0,
2.521822,4.126871,2.521822,0,4.507173,0,
2.523568,4.128158,2.523568,0,4.507173,0,
2.525367,4.129407,2.525367,0,4.507173,0,
2.526986,4.130576,2.526986,0,4.507173,0,
2.528825,4.131142,2.528825,0,4.507173,0,
2.530678,4.132171,2.530678,0,4.507173,0,
2.53209,4.133063,2.53209,0,4.507173,0,
2.5338,4.134378,2.5338,0,4.507173,0,
2.535659,4.13535,2.535659,0,4.507173,0,
2.537373,4.136301,2.537373,0,4.507173,0,
2.539485,4.137466,2.539485,0,4.507173,0,
2.541607,4.138267,2.541607,0,4.507173,0,
2.543889,4.139311,2.543889,0,4.507173,0,
2.546119,4.140326,2.546119,0,4.507173,0,
2.548829,4.141312,2.548829,0,4.507173,0,
2.5508,4.142138,2.5508,0,4.507173,0,
2.553276,4.143312,2.553276,0,4.507173,0,
2.556169,4.144401,2.556169,0,4.507173,0,
2.557866,4.145055,2.557866,0,4.507173,0,
2.560537,4.146489,2.560537,0,4.507173,0,
2.563168,4.147645,2.563168,0,4.507173,0,
2.565354,4.148612,2.565354,0,4.507173,0,
2.56804,4.1502,2.56804,0,4.507173,0,
2.570739,4.151674,2.570739,0,4.507173,0,
2.573067,4.153057,2.573067,0,4.507173,0,
2.575591,4.154709,2.575591,0,4.507173,0,
2.578028,4.156382,2.578028,0,4.507173,0,
2.579875,4.157715,2.579875,0,4.507173,0,
2.582254,4.159633,2.582254,0,4.507173,0,
2.584368,4.161274,2.584368,0,4.507173,0,
2.585976,4.162614,2.585976,0,4.507173,0,
2.588198,4.163777,2.588198,0,4.507173,0,
2.590104,4.165154,2.590104,0,4.507173,0,
2.59146,4.166122,2.59146,0,4.507173,0,
2.592967,4.16713,2.592967,0,4.507173,0,
2.594217,4.167955,2.594217,0,4.507173,0,
2.595225,4.168604,2.595225,0,4.507173,0,
2.596221,4.168947,2.596221,0,4.507173,0,
2.597011,4.169369,2.597011,0,4.507173,0,
2.597476,4.169625,2.597476,0,4.507173,0,
2.597821,4.169487,2.597821,0,4.507173,0,
2.597982,4.169725,2.597982,0,4.507173,0,
2.597645,4.169816,2.597645,0,4.507173,0,
2.59718,4.169758,2.59718,0,4.507173,0,
2.596519,4.169925,2.596519,0,4.507173,0,
2.59559,4.170006,2.59559,0,4.507173,0,
2.594505,4.169936,2.594505,0,4.507173,0,
2.593418,4.169977,2.593418,0,4.507173,0,
2.591808,4.169779,2.591808,0,4.507173,0,
2.590482,4.169782,2.590482,0,4.507173,0,
2.589051,4.169751,2.589051,0,4.507173,0,
2.587613,4.16981,2.587613,0,4.507173,0,
2.58636,4.169964,2.58636,0,4.507173,0,
2.584709,4.169979,2.584709,0,4.507173,0,
2.583318,4.170124,2.583318,0,4.507173,0,
2.581573,4.170298,2.581573,0,4.507173,0,
2.580024,4.170271,2.580024,0,4.507173,0,
2.578529,4.170214,2.578529,0,4.507173,0,
2.576506,4.170084,2.576506,0,4.507173,0,
2.57514,4.170018,2.57514,0,4.507173,0,
2.574059,4.170024,2.574059,0,4.507173,0,
2.572404,4.170164,2.572404,0,4.507173,0,
2.571256,4.17014,2.571256,0,4.507173,0,
2.570884,4.172562,2.570884,0,4.507173,0,
2.570991,4.172565,2.570991,0,4.507173,0,
2.570669,4.17297,2.570669,0,4.507173,0,
2.572786,4.173988,2.572786,0,4.507173,0,
2.574934,4.172554,2.574934,0,4.507173,0,
2.575537,4.172662,2.575537,0,4.507173,0,
2.57821,4.174218,2.57821,0,4.507173,0,
2.580911,4.17195,2.580911,0,4.507173,0,
2.58143,4.172072,2.58143,0,4.507173,0,
2.584197,4.173242,2.584197,0,4.507173,0,
2.587577,4.170643,2.587577,0,4.507173,0,
2.588227,4.170555,2.588227,0,4.507173,0,
2.590403,4.171268,2.590403,0,4.507173,0,
2.592707,4.169271,2.592707,0,4.507173,0,
2.593441,4.169071,2.593441,0,4.507173,0,
2.595391,4.16954,2.595391,0,4.507173,0,
2.597799,4.168054,2.597799,0,4.507173,0,
2.598753,4.16777,2.598753,0,4.507173,0,
2.600686,4.168005,2.600686,0,4.507173,0,
2.602272,4.167029,2.602272,0,4.507173,0,
2.603208,4.16668,2.603208,0,4.507173,0,
2.604567,4.166542,2.604567,0,4.507173,0,
2.605436,4.165413,2.605436,0,4.507173,0,
2.606379,4.165018,2.606379,0,4.507173,0,
2.608193,4.164876,2.608193,0,4.507173,0,
2.608357,4.163843,2.608357,0,4.507173,0,
2.609534,4.163731,2.609534,0,4.507173,0,
2.611433,4.163872,2.611433,0,4.507173,0,
2.610959,4.163695,2.610959,0,4.507173,0,
2.612013,4.163606,2.612013,0,4.507173,0,
2.613409,4.163621,2.613409,0,4.507173,0,
2.613417,4.163844,2.613417,0,4.507173,0,
2.614199,4.163908,2.614199,0,4.507173,0,
2.615409,4.164003,2.615409,0,4.507173,0,
2.615494,4.16419,2.615494,0,4.507173,0,
2.616353,4.164172,2.616353,0,4.507173,0,
2.617313,4.164132,2.617313,0,4.507173,0,
2.617649,4.164118,2.617649,0,4.507173,0,
2.618543,4.164086,2.618543,0,4.507173,0,
2.619444,4.163992,2.619444,0,4.507173,0,
2.620634,4.16396,2.620634,0,4.507173,0,
2.621587,4.163864,2.621587,0,4.507173,0,
2.622311,4.163716,2.622311,0,4.507173,0,
2.622591,4.163827,2.622591,0,4.507173,0,
2.623635,4.163784,2.623635,0,4.507173,0,
2.624299,4.163642,2.624299,0,4.507173,0,
2.624204,4.163972,2.624204,0,4.507173,0,
2.625156,4.163927,2.625156,0,4.507173,0,
2.626015,4.163825,2.626015,0,4.507173,0,
2.626008,4.164173,2.626008,0,4.507173,0,
2.627001,4.164186,2.627001,0,4.507173,0,
2.62813,4.164261,2.62813,0,4.507173,0,
2.627982,4.164712,2.627982,0,4.507173,0,
2.629046,4.164764,2.629046,0,4.507173,0,
2.62959,4.165172,2.62959,0,4.507173,0,
2.630685,4.165267,2.630685,0,4.507173,0,
2.631607,4.165298,2.631607,0,4.507173,0,
2.631876,4.165053,2.631876,0,4.507173,0,
2.632419,4.165358,2.632419,0,4.507173,0,
2.633443,4.16534,2.633443,0,4.507173,0,
2.634115,4.165211,2.634115,0,4.507173,0,
2.634676,4.165408,2.634676,0,4.507173,0,
2.635648,4.165363,2.635648,0,4.507173,0,
2.635951,4.165085,2.635951,0,4.507173,0,
2.636729,4.165115,2.636729,0,4.507173,0,
2.63771,4.16511,2.63771,0,4.507173,0,
2.637497,4.165056,2.637497,0,4.507173,0,
2.638592,4.165014,2.638592,0,4.507173,0,
2.639498,4.164977,2.639498,0,4.507173,0,
2.639783,4.165051,2.639783,0,4.507173,0,
2.640865,4.165014,2.640865,0,4.507173,0,
2.641843,4.165015,2.641843,0,4.507173,0,
2.641591,4.164874,2.641591,0,4.507173,0,
2.642448,4.164823,2.642448,0,4.507173,0,
2.643461,4.164808,2.643461,0,4.507173,0,
2.642647,4.16486,2.642647,0,4.507173,0,
2.643594,4.164917,2.643594,0,4.507173,0,
2.644334,4.164964,2.644334,0,4.507173,0,
2.642634,4.164844,2.642634,0,4.507173,0,
2.643361,4.164837,2.643361,0,4.507173,0,
2.644227,4.164939,2.644227,0,4.507173,0,
2.641537,4.164851,2.641537,0,4.507173,0,
2.642177,4.164847,2.642177,0,4.507173,0,
2.643043,4.164914,2.643043,0,4.507173,0,
2.641867,4.164903,2.641867,0,4.507173,0,
2.642619,4.164992,2.642619,0,4.507173,0,
2.643363,4.164968,2.643363,0,4.507173,0,
2.641084,4.16506,2.641084,0,4.507173,0,
2.641893,4.165044,2.641893,0,4.507173,0,
2.642725,4.16501,2.642725,0,4.507173,0,
2.639272,4.165192,2.639272,0,4.507173,0,
2.639996,4.165196,2.639996,0,4.507173,0,
2.64067,4.165232,2.64067,0,4.507173,0,
2.63699,4.165401,2.63699,0,4.507173,0,
2.637526,4.165475,2.637526,0,4.507173,0,
2.638134,4.16553,2.638134,0,4.507173,0,
2.633817,4.165521,2.633817,0,4.507173,0,
2.634364,4.165537,2.634364,0,4.507173,0,
2.634903,4.165504,2.634903,0,4.507173,0,
2.630488,4.165583,2.630488,0,4.507173,0,
2.631126,4.165437,2.631126,0,4.507173,0,
2.631712,4.165453,2.631712,0,4.507173,0,
2.626048,4.165178,2.626048,0,4.507173,0,
2.626554,4.165235,2.626554,0,4.507173,0,
2.626978,4.165119,2.626978,0,4.507173,0,
2.622379,4.165354,2.622379,0,4.507173,0,
2.622738,4.165252,2.622738,0,4.507173,0,
2.623184,4.165269,2.623184,0,4.507173,0,
2.618655,4.165305,2.618655,0,4.507173,0,
2.619015,4.165309,2.619015,0,4.507173,0,
2.619386,4.165285,2.619386,0,4.507173,0,
2.614701,4.165347,2.614701,0,4.507173,0,
2.615018,4.165342,2.615018,0,4.507173,0,
2.615057,4.165235,2.615057,0,4.507173,0,
2.610896,4.165465,2.610896,0,4.507173,0,
2.611075,4.165466,2.611075,0,4.507173,0,
2.611174,4.165422,2.611174,0,4.507173,0,
2.607259,4.165524,2.607259,0,4.507173,0,
2.607408,4.165521,2.607408,0,4.507173,0,
2.607261,4.165401,2.607261,0,4.507173,0,
2.602875,4.165354,2.602875,0,4.507173,0,
2.602967,4.165353,2.602967,0,4.507173,0,
2.603126,4.165363,2.603126,0,4.507173,0,
2.597709,4.165311,2.597709,0,4.507173,0,
2.597735,4.165299,2.597735,0,4.507173,0,
2.597613,4.165178,2.597613,0,4.507173,0,
2.592669,4.165214,2.592669,0,4.507173,0,
2.592625,4.165164,2.592625,0,4.507173,0,
2.592545,4.165088,2.592545,0,4.507173,0,
2.587895,4.165057,2.587895,0,4.507173,0,
2.587775,4.165025,2.587775,0,4.507173,0,
2.587283,4.164872,2.587283,0,4.507173,0,
2.583468,4.164993,2.583468,0,4.507173,0,
2.58328,4.164955,2.58328,0,4.507173,0,
2.583145,4.164948,2.583145,0,4.507173,0,
2.579771,4.165112,2.579771,0,4.507173,0,
2.579524,4.165071,2.579524,0,4.507173,0,
2.579365,4.165028,2.579365,0,4.507173,0,
2.575931,4.165126,2.575931,0,4.507173,0,
2.57565,4.165089,2.57565,0,4.507173,0,
2.57609,4.165235,2.57609,0,4.507173,0,
2.573468,4.165338,2.573468,0,4.507173,0,
2.573161,4.165322,2.573161,0,4.507173,0,
2.573534,4.165453,2.573534,0,4.507173,0,
2.571389,4.16547,2.571389,0,4.507173,0,
2.5711,4.165447,2.5711,0,4.507173,0,
2.571088,4.165459,2.571088,0,4.507173,0,
2.569116,4.165455,2.569116,0,4.507173,0,
2.568806,4.165427,2.568806,0,4.507173,0,
2.568629,4.165352,2.568629,0,4.507173,0,
2.566263,4.165456,2.566263,0,4.507173,0,
2.565943,4.165437,2.565943,0,4.507173,0,
2.566149,4.165474,2.566149,0,4.507173,0,
2.563728,4.165734,2.563728,0,4.507173,0,
2.563336,4.165721,2.563336,0,4.507173,0,
2.563099,4.165654,2.563099,0,4.507173,0,
2.561265,4.165742,2.561265,0,4.507173,0,
2.560854,4.165735,2.560854,0,4.507173,0,
2.560389,4.165601,2.560389,0,4.507173,0,
2.558888,4.165689,2.558888,0,4.507173,0,
2.558461,4.165672,2.558461,0,4.507173,0,
2.558093,4.165554,2.558093,0,4.507173,0,
2.556317,4.16574,2.556317,0,4.507173,0,
2.555813,4.16573,2.555813,0,4.507173,0,
2.555683,4.165699,2.555683,0,4.507173,0,
2.554512,4.165888,2.554512,0,4.507173,0,
2.554004,4.165878,2.554004,0,4.507173,0,
2.55367,4.165797,2.55367,0,4.507173,0,
2.552447,4.165837,2.552447,0,4.507173,0,
2.55192,4.165829,2.55192,0,4.507173,0,
2.552443,4.165999,2.552443,0,4.507173,0,
2.551768,4.16591,2.551768,0,4.507173,0,
2.551243,4.165885,2.551243,0,4.507173,0,
2.551307,4.165883,2.551307,0,4.507173,0,
2.550894,4.165883,2.550894,0,4.507173,0,
2.55038,4.165869,2.55038,0,4.507173,0,
2.550615,4.165927,2.550615,0,4.507173,0,
2.549479,4.166157,2.549479,0,4.507173,0,
2.54894,4.166145,2.54894,0,4.507173,0,
2.548755,4.166044,2.548755,0,4.507173,0,
2.548059,4.166187,2.548059,0,4.507173,0,
2.547499,4.166184,2.547499,0,4.507173,0,
2.547808,4.166295,2.547808,0,4.507173,0,
2.547246,4.166404,2.547246,0,4.507173,0,
2.546701,4.166384,2.546701,0,4.507173,0,
2.546644,4.166348,2.546644,0,4.507173,0,
2.546777,4.166265,2.546777,0,4.507173,0,
,,,,,,
,,,,,,
,,,,,,
,,,,,,
,,,,,,
,,,,,,
,,,,,,
,,,,,,
,,,,,,
,,,,,,
,,,,,,
,,,,,,
,,,,,,
,,,,,,
,,,,,,
,,,,,,
,,,,,,
,,,,,,
,,,,,,
,,,,,,
,,,,,,
,,,,,,
,,,,,,
,,,,,,
,,,,,,
,,,,,,
,,,,,,
,,,,,,
,,,,,,
,,,,,,
,,,,,,
,,,,,,
,,,,,,
,,,,,,
,,,,,,
,,,,,,
,,,,,,
,,,,,,
,,,,,,
,,,,,,
,,,,,,
,,,,,,
,,,,,,
,,,,,,
,,,,,,
,,,,,,
,,,,,,
,,,,,,
,,,,,,
,,,,,,
,,,,,,
,,,,,,
,,,,,,
,,,,,,
,,,,,,
,,,,,,
,,,,,,
,,,,,,
,,,,,,
,,,,,,
,,,,,,
,,,,,,
,,,,,,
,,,,,,
,,,,,,
,,,,,,
,,,,,,
,,,,,,
,,,,,,
,,,,,,
,,,,,,
,,,,,,
,,,,,,
,,,,,,
,,,,,,
,,,,,,
,,,,,,
,,,,,,
,,,,,,
,,,,,,
,,,,,,
,,,,,,
,,,,,,
,,,,,,
,,,,,,
,,,,,,
,,,,,,
,,,,,,
,,,,,,
,,,,,,
,,,,,,
,,,,,,
,,,,,,
,,,,,,
,,,,,,
,,,,,,
,,,,,,
,,,,,,
,,,,,,
,,,,,,
,,,,,,
,,,,,,
,,,,,,
,,,,,,
,,,,,,
,,,,,,
,,,,,,
,,,,,,
,,,,,,
,,,,,,
,,,,,,
,,,,,,
,,,,,,
,,,,,,
,,,,,,
,,,,,,
,,,,,,
,,,,,,
,,,,,,
,,,,,,
,,,,,,
,,,,,,
,,,,,,
,,,,,,
,,,,,,
,,,,,,
,,,,,,
,,,,,,
,,,,,,
,,,,,,
,,,,,,
,,,,,,
,,,,,,
,,,,,,
,,,,,,
,,,,,,
,,,,,,
,,,,,,
,,,,,,
,,,,,,
,,,,,,
,,,,,,
,,,,,,
,,,,,,
,,,,,,
,,,,,,
,,,,,,
,,,,,,
,,,,,,
,,,,,,
,,,,,,
,,,,,,
,,,,,,
,,,,,,
,,,,,,
,,,,,,
,,,,,,
,,,,,,
,,,,,,
,,,,,,
,,,,,,
,,,,,,
,,,,,,
,,,,,,
,,,,,,
,,,,,,
,,,,,,
,,,,,,
,,,,,,
,,,,,,
,,,,,,
,,,,,,
,,,,,,
,,,,,,
,,,,,,
,,,,,,
,,,,,,
,,,,,,
,,,,,,
,,,,,,
,,,,,,
,,,,,,
,,,,,,
,,,,,,
,,,,,,
,,,,,,
,,,,,,
,,,,,,
,,,,,,
,,,,,,
,,,,,,
,,,,,,
,,,,,,
,,,,,,
,,,,,,
,,,,,,
,,,,,,
,,,,,,
,,,,,,
,,,,,,
,,,,,,
,,,,,,
,,,,,,
,,,,,,
,,,,,,
,,,,,,
,,,,,,
,,,,,,
,,,,,,
,,,,,,
,,,,,,
,,,,,,
,,,,,,
,,,,,,
,,,,,,
,,,,,,
,,,,,,
,,,,,,
,,,,,,
,,,,,,
,,,,,,
,,,,,,
,,,,,,
,,,,,,
,,,,,,
,,,,,,
,,,,,,
,,,,,,
,,,,,,
,,,,,,
,,,,,,
,,,,,,
,,,,,,
,,,,,,
,,,,,,
,,,,,,
,,,,,,
,,,,,,
,,,,,,
,,,,,,
,,,,,,
,,,,,,
,,,,,,
,,,,,,
,,,,,,
,,,,,,
,,,,,,
,,,,,,
,,,,,,
,,,,,,
,,,,,,
,,,,,,
,,,,,,
,,,,,,
,,,,,,
,,,,,,
,,,,,,
,,,,,,
,,,,,,
,,,,,,
,,,,,,
,,,,,,
,,,,,,
,,,,,,
,,,,,,
,,,,,,
,,,,,,
,,,,,,
,,,,,,
,,,,,,
,,,,,,
,,,,,,
,,,,,,
,,,,,,
,,,,,,
,,,,,,
,,,,,,
,,,,,,
,,,,,,
,,,,,,
,,,,,,
,,,,,,
,,,,,,
,,,,,,
,,,,,,
,,,,,,
,,,,,,
,,,,,,
,,,,,,
,,,,,,
,,,,,,
,,,,,,
,,,,,,
,,,,,,
,,,,,,
,,,,,,
,,,,,,
,,,,,,
,,,,,,
,,,,,,
,,,,,,
,,,,,,
,,,,,,
,,,,,,
,,,,,,
,,,,,,
,,,,,,
,,,,,,
,,,,,,
,,,,,,
,,,,,,
,,,,,,
,,,,,,
,,,,,,
,,,,,,
,,,,,,
,,,,,,
,,,,,,
,,,,,,
,,,,,,
,,,,,,
,,,,,,
,,,,,,
,,,,,,
,,,,,,
,,,,,,
,,,,,,
,,,,,,
,,,,,,
,,,,,,
,,,,,,
,,,,,,
,,,,,,
,,,,,,
,,,,,,
,,,,,,
,,,,,,
,,,,,,
,,,,,,
,,,,,,
,,,,,,
,,,,,,
,,,,,,
,,,,,,
,,,,,,
,,,,,,
,,,,,,
,,,,,,
,,,,,,
,,,,,,
,,,,,,
,,,,,,
,,,,,,
,,,,,,
,,,,,,
,,,,,,
,,,,,,
,,,,,,
,,,,,,
,,,,,,
,,,,,,
,,,,,,
,,,,,,
,,,,,,
,,,,,,
,,,,,,
,,,,,,
,,,,,,
,,,,,,
,,,,,,
,,,,,,
,,,,,,
,,,,,,
,,,,,,
,,,,,,
,,,,,,
,,,,,,
,,,,,,
,,,,,,
,,,,,,
,,,,,,
,,,,,,
,,,,,,
,,,,,,
,,,,,,
,,,,,,
,,,,,,
,,,,,,
,,,,,,
,,,,,,
,,,,,,
,,,,,,
,,,,,,
,,,,,,
,,,,,,
,,,,,,
,,,,,,
,,,,,,
,,,,,,
,,,,,,
,,,,,,
,,,,,,
,,,,,,
,,,,,,
,,,,,,
,,,,,,
,,,,,,
,,,,,,
,,,,,,
,,,,,,
,,,,,,
,,,,,,
,,,,,,
,,,,,,
,,,,,,
,,,,,,
,,,,,,
,,,,,,
,,,,,,
,,,,,,
,,,,,,
,,,,,,
,,,,,,
,,,,,,
,,,,,,
,,,,,,
,,,,,,
,,,,,,
,,,,,,
,,,,,,
,,,,,,
,,,,,,
,,,,,,
,,,,,,
,,,,,,
,,,,,,
,,,,,,
,,,,,,
,,,,,,
,,,,,,
,,,,,,
,,,,,,
,,,,,,
,,,,,,
,,,,,,
,,,,,,
,,,,,,
,,,,,,
,,,,,,
,,,,,,
,,,,,,
,,,,,,
,,,,,,
,,,,,,
,,,,,,
,,,,,,
,,,,,,
,,,,,,
,,,,,,
,,,,,,
,,,,,,
,,,,,,
,,,,,,
,,,,,,
,,,,,,
,,,,,,
,,,,,,
,,,,,,
,,,,,,
,,,,,,
,,,,,,
,,,,,,
,,,,,,
,,,,,,
,,,,,,
,,,,,,
,,,,,,
,,,,,,
,,,,,,
,,,,,,
,,,,,,
,,,,,,
,,,,,,
,,,,,,
,,,,,,
,,,,,,
,,,,,,
,,,,,,
,,,,,,
,,,,,,
,,,,,,
,,,,,,
,,,,,,
,,,,,,
,,,,,,
,,,,,,
,,,,,,
,,,,,,
,,,,,,
,,,,,,
,,,,,,
,,,,,,
,,,,,,
,,,,,,
,,,,,,
,,,,,,
,,,,,,
,,,,,,
,,,,,,
,,,,,,
,,,,,,
,,,,,,
,,,,,,
,,,,,,
,,,,,,
,,,,,,
,,,,,,
,,,,,,
,,,,,,
,,,,,,
,,,,,,
,,,,,,
,,,,,,
,,,,,,
,,,,,,
,,,,,,
,,,,,,
,,,,,,
,,,,,,
,,,,,,
,,,,,,
,,,,,,
,,,,,,
,,,,,,
,,,,,,
,,,,,,
,,,,,,
,,,,,,
,,,,,,
,,,,,,
,,,,,,
,,,,,,
,,,,,,
,,,,,,
,,,,,,
,,,,,,
,,,,,,
,,,,,,
,,,,,,
,,,,,,
,,,,,,
,,,,,,
,,,,,,
,,,,,,
,,,,,,
,,,,,,
,,,,,,
,,,,,,
,,,,,,
,,,,,,
,,,,,,
,,,,,,
,,,,,,
,,,,,,
,,,,,,
,,,,,,
,,,,,,
,,,,,,
,,,,,,
,,,,,,
,,,,,,
,,,,,,
,,,,,,
,,,,,,
,,,,,,
,,,,,,
,,,,,,
,,,,,,
,,,,,,
,,,,,,
,,,,,,
,,,,,,
,,,,,,
,,,,,,
,,,,,,
,,,,,,
,,,,,,
,,,,,,
,,,,,,
,,,,,,
,,,,,,
,,,,,,
,,,,,,
,,,,,,
,,,,,,
,,,,,,
,,,,,,
,,,,,,
,,,,,,
,,,,,,
,,,,,,
,,,,,,
,,,,,,
,,,,,,
,,,,,,
,,,,,,
,,,,,,
,,,,,,
,,,,,,
,,,,,,
,,,,,,
,,,,,,
,,,,,,
,,,,,,
,,,,,,
,,,,,,
,,,,,,
,,,,,,
,,,,,,
,,,,,,
,,,,,,
,,,,,,
,,,,,,
,,,,,,
,,,,,,
,,,,,,
,,,,,,
,,,,,,
,,,,,,
,,,,,,
,,,,,,
,,,,,,
,,,,,,
,,,,,,
,,,,,,
,,,,,,
,,,,,,
,,,,,,
,,,,,,
,,,,,,
,,,,,,
,,,,,,
,,,,,,
,,,,,,
,,,,,,
,,,,,,
,,,,,,
,,,,,,
,,,,,,
,,,,,,
,,,,,,
,,,,,,
,,,,,,
,,,,,,
,,,,,,
,,,,,,
,,,,,,
,,,,,,
,,,,,,
,,,,,,
,,,,,,
,,,,,,
,,,,,,
,,,,,,
,,,,,,
,,,,,,
,,,,,,
,,,,,,
,,,,,,
,,,,,,
,,,,,,
,,,,,,
,,,,,,
,,,,,,
,,,,,,
,,,,,,
,,,,,,
,,,,,,
,,,,,,
,,,,,,
,,,,,,
,,,,,,
,,,,,,
,,,,,,
,,,,,,
,,,,,,
,,,,,,
,,,,,,
,,,,,,
,,,,,,
,,,,,,
,,,,,,
,,,,,,
,,,,,,
,,,,,,
,,,,,,
,,,,,,
,,,,,,
,,,,,,
,,,,,,
,,,,,,
,,,,,,
,,,,,,
,,,,,,
,,,,,,
,,,,,,
,,,,,,
,,,,,,
,,,,,,
,,,,,,
,,,,,,
,,,,,,
,,,,,,
,,,,,,
,,,,,,
,,,,,,
,,,,,,
,,,,,,
,,,,,,
,,,,,,
,,,,,,
,,,,,,
,,,,,,
,,,,,,
,,,,,,
,,,,,,
,,,,,,
,,,,,,
,,,,,,
,,,,,,
,,,,,,
,,,,,,
,,,,,,
,,,,,,
,,,,,,
,,,,,,
,,,,,,
,,,,,,
,,,,,,
,,,,,,
,,,,,,
,,,,,,
,,,,,,
,,,,,,
,,,,,,
,,,,,,
,,,,,,
,,,,,,
,,,,,,
,,,,,,
,,,,,,
,,,,,,
,,,,,,
,,,,,,
,,,,,,
,,,,,,
,,,,,,
,,,,,,
,,,,,,
,,,,,,
,,,,,,
,,,,,,
,,,,,,
,,,,,,
,,,,,,
,,,,,,
,,,,,,
,,,,,,
,,,,,,
,,,,,,
,,,,,,
,,,,,,
,,,,,,
,,,,,,
,,,,,,
,,,,,,
,,,,,,
,,,,,,
,,,,,,
,,,,,,
,,,,,,
,,,,,,
,,,,,,
,,,,,,
,,,,,,
,,,,,,
,,,,,,
,,,,,,
,,,,,,
,,,,,,
,,,,,,
,,,,,,
,,,,,,
,,,,,,
,,,,,,
,,,,,,
,,,,,,
,,,,,,
,,,,,,
,,,,,,
,,,,,,
,,,,,,
,,,,,,
,,,,,,
,,,,,,
,,,,,,
,,,,,,
,,,,,,
,,,,,,
,,,,,,
,,,,,,
,,,,,,
,,,,,,
,,,,,,
,,,,,,
,,,,,,
,,,,,,
,,,,,,
,,,,,,
,,,,,,
,,,,,,
,,,,,,
,,,,,,
,,,,,,
,,,,,,
,,,,,,
,,,,,,
,,,,,,
,,,,,,
,,,,,,
,,,,,,
,,,,,,
,,,,,,
,,,,,,
,,,,,,
,,,,,,
,,,,,,
,,,,,,
,,,,,,
,,,,,,
,,,,,,
,,,,,,
,,,,,,
,,,,,,
,,,,,,
,,,,,,
,,,,,,
,,,,,,
,,,,,,
,,,,,,
,,,,,,
,,,,,,
,,,,,,
,,,,,,
,,,,,,
,,,,,,
,,,,,,
,,,,,,
,,,,,,
,,,,,,
,,,,,,
,,,,,,
,,,,,,
,,,,,,
,,,,,,
,,,,,,
,,,,,,
,,,,,,
,,,,,,
,,,,,,
,,,,,,
,,,,,,
,,,,,,
,,,,,,
,,,,,,
,,,,,,
,,,,,,
,,,,,,
,,,,,,
,,,,,,
,,,,,,
,,,,,,
,,,,,,
,,,,,,
,,,,,,
,,,,,,
,,,,,,
,,,,,,
,,,,,,
,,,,,,
,,,,,,
,,,,,,
,,,,,,
,,,,,,
,,,,,,
,,,,,,
,,,,,,
,,,,,,
,,,,,,
,,,,,,
,,,,,,
,,,,,,
,,,,,,
,,,,,,
,,,,,,
,,,,,,
,,,,,,
,,,,,,
,,,,,,
,,,,,,
,,,,,,
,,,,,,
,,,,,,
,,,,,,
,,,,,,
,,,,,,
,,,,,,
,,,,,,
,,,,,,
,,,,,,
,,,,,,
,,,,,,
,,,,,,
,,,,,,
,,,,,,
,,,,,,
,,,,,,
,,,,,,
,,,,,,
,,,,,,
,,,,,,
,,,,,,
,,,,,,
,,,,,,
,,,,,,
,,,,,,
,,,,,,
,,,,,,
,,,,,,
,,,,,,
,,,,,,
,,,,,,
,,,,,,
,,,,,,
,,,,,,
,,,,,,
,,,,,,
,,,,,,
,,,,,,
,,,,,,
,,,,,,
,,,,,,
,,,,,,
,,,,,,
,,,,,,
,,,,,,
,,,,,,
,,,,,,
,,,,,,
,,,,,,
,,,,,,
,,,,,,
,,,,,,
,,,,,,
,,,,,,
,,,,,,
,,,,,,
,,,,,,
,,,,,,
,,,,,,
,,,,,,
,,,,,,
,,,,,,
,,,,,,
,,,,,,
,,,,,,
,,,,,,
,,,,,,
,,,,,,
,,,,,,
,,,,,,
,,,,,,
,,,,,,
,,,,,,
,,,,,,
,,,,,,
,,,,,,
,,,,,,
,,,,,,
,,,,,,
,,,,,,
,,,,,,
,,,,,,
,,,,,,
,,,,,,
,,,,,,
,,,,,,
,,,,,,
,,,,,,
,,,,,,
,,,,,,
,,,,,,
,,,,,,
,,,,,,
,,,,,,
,,,,,,
,,,,,,
,,,,,,
,,,,,,
,,,,,,
,,,,,,
,,,,,,
,,,,,,
,,,,,,
,,,,,,
,,,,,,
,,,,,,
,,,,,,
,,,,,,
,,,,,,
,,,,,,
,,,,,,
,,,,,,
,,,,,,
,,,,,,
,,,,,,
,,,,,,
,,,,,,
,,,,,,
,,,,,,
,,,,,,
,,,,,,
,,,,,,
,,,,,,
,,,,,,
,,,,,,
,,,,,,
,,,,,,
,,,,,,
,,,,,,
,,,,,,
,,,,,,
,,,,,,
,,,,,,
,,,,,,
,,,,,,
,,,,,,
,,,,,,
,,,,,,
,,,,,,
,,,,,,
,,,,,,
,,,,,,
,,,,,,
,,,,,,
,,,,,,
,,,,,,
,,,,,,
,,,,,,
,,,,,,
,,,,,,
,,,,,,
,,,,,,
,,,,,,
,,,,,,
,,,,,,
,,,,,,
,,,,,,
,,,,,,
,,,,,,
,,,,,,
,,,,,,
,,,,,,
,,,,,,
,,,,,,
,,,,,,
,,,,,,
,,,,,,
,,,,,,
,,,,,,
,,,,,,
,,,,,,
,,,,,,
,,,,,,
,,,,,,
,,,,,,
,,,,,,
,,,,,,
,,,,,,
,,,,,,
,,,,,,
,,,,,,
,,,,,,
,,,,,,
,,,,,,
,,,,,,
,,,,,,
,,,,,,
,,,,,,
,,,,,,
,,,,,,
,,,,,,
,,,,,,
,,,,,,
,,,,,,
,,,,,,
,,,,,,
,,,,,,
,,,,,,
,,,,,,
,,,,,,
,,,,,,
,,,,,,
,,,,,,
,,,,,,
,,,,,,
,,,,,,
,,,,,,
,,,,,,
,,,,,,
,,,,,,
,,,,,,
,,,,,,
,,,,,,
,,,,,,
,,,,,,
,,,,,,
,,,,,,
,,,,,,
,,,,,,
,,,,,,
,,,,,,
,,,,,,
,,,,,,
,,,,,,
,,,,,,
,,,,,,
,,,,,,
,,,,,,
,,,,,,
,,,,,,
,,,,,,
,,,,,,
,,,,,,
,,,,,,
,,,,,,
,,,,,,
,,,,,,
,,,,,,
,,,,,,
,,,,,,
,,,,,,
,,,,,,
,,,,,,
,,,,,,
,,,,,,
,,,,,,
,,,,,,
,,,,,,
,,,,,,
,,,,,,
,,,,,,
,,,,,,
,,,,,,
,,,,,,
,,,,,,
,,,,,,
,,,,,,
,,,,,,
,,,,,,
,,,,,,
,,,,,,
,,,,,,
,,,,,,
,,,,,,
,,,,,,
,,,,,,
,,,,,,
,,,,,,
,,,,,,
,,,,,,
,,,,,,
,,,,,,
,,,,,,
,,,,,,
,,,,,,
,,,,,,
,,,,,,
,,,,,,
,,,,,,
,,,,,,
,,,,,,
,,,,,,
,,,,,,
,,,,,,
,,,,,,
,,,,,,
,,,,,,
,,,,,,
,,,,,,
,,,,,,
,,,,,,
,,,,,,
,,,,,,
,,,,,,
,,,,,,
,,,,,,
,,,,,,
,,,,,,
,,,,,,
,,,,,,
,,,,,,
,,,,,,
,,,,,,
,,,,

