149.1713,90,99.64174,,

149.1713,90,99.64174,,

149.1713,90,99.64174,,

149.1713,90,99.64174,,

149.1713,90,99.64174,,

149.1713,90,99.64174,,

149.1713,90,99.64174,,

149.1713,90,99.64174,,

149.1713,90,99.64174,,

149.1713,90,99.64174,,

149.1713,90,99.64174,,

149.1713,90,99.64174,,

149.1713,90,99.64174,,

149.1713,90,99.64174,,

149.1713,90,99.64174,,

149.1713,90,99.64174,,

149.1713,90,99.64174,,

149.1713,90,99.64174,,

149.1713,90,99.64174,,

149.1713,90,99.64174,,

149.1713,90,99.64174,,

149.1713,90,99.64174,,

149.1713,90,99.64174,,

149.1713,90,99.64174,,

149.1713,90,99.64174,,

149.1713,90,99.64174,,

149.1713,90,99.64174,,

149.1713,90,99.64174,,

149.1713,90,99.64174,,

149.1713,90,99.64174,,

149.1713,90,99.64174,,

149.1713,90,99.64174,,

149.1713,90,99.64174,,

149.1713,90,99.64174,,

149.1713,90,99.64174,,

149.1713,90,99.64174,,

149.1713,90,99.64174,,

149.1713,90,99.64174,,

149.1713,90,99.64174,,

149.1713,90,99.64174,,

149.1713,90,99.64174,,

149.1713,90,99.64174,,

149.1713,90,99.64174,,

149.1713,90,99.64174,,

149.1713,90,99.64174,,

149.1713,90,99.64174,,

149.1713,90,99.64174,,

149.1713,90,99.64174,,

149.1713,90,99.64174,,

149.1713,90,99.64174,,

149.1713,90,99.64174,,

149.1713,90,99.64174,,

149.1713,90,99.64174,,

149.1713,90,99.64174,,

149.1713,90,99.64174,,

149.1713,90,99.64174,,

149.1713,90,99.64174,,

149.1713,90,99.64174,,

149.1713,90,99.64174,,

149.1713,90,99.64174,,

149.1713,90,99.64174,,

149.1713,90,99.64174,,

149.1713,90,99.64174,,

149.1713,90,99.64174,,

149.1713,90,99.64174,,

149.1713,90,99.64174,,

149.1713,90,99.64174,,

149.1713,90,99.64174,,

149.1713,90,99.64174,,

149.1713,90,99.64174,,

149.1713,90,99.64174,,

149.1713,90,99.64174,,

149.1713,90,99.64174,,

149.1713,90,99.64174,,

149.1713,90,99.64174,,

149.1713,90,99.64174,,

149.1713,90,99.64174,,

149.1713,90,99.64174,,

149.1713,90,99.64174,,

149.1713,90,99.64174,,

149.1713,90,99.64174,,

149.1713,90,99.64174,,

149.1713,90,99.64174,,

149.1713,90,99.64174,,

149.1713,90,99.64174,,

149.1713,90,99.64174,,

149.1713,90,99.64174,,

149.1713,90,99.64174,,

149.1713,90,99.64174,,

149.1713,90,99.64174,,

149.1713,90,99.64174,,

149.1713,90,99.64174,,

149.1713,90,99.64174,,

149.1713,90,99.64174,,

149.1713,90,99.64174,,

149.1713,90,99.64174,,

149.1713,90,99.64174,,

149.1713,90,99.64174,,

149.1713,90,99.64174,,

149.1713,90,99.64174,,

149.1713,90,99.64174,,

149.1713,90,99.64174,,

149.1713,90,99.64174,,

149.1713,90,99.64174,,

149.1713,90,99.64174,,

149.1713,90,99.64174,,

149.1713,90,99.64174,,

149.1713,90,99.64174,,

149.1713,90,99.64174,,

149.1713,90,99.64174,,

149.1713,90,99.64174,,

149.1713,90,99.64174,,

149.1713,90,99.64174,,

149.1713,90,99.64174,,

149.1713,90,99.64174,,

149.1713,90,99.64174,,

149.1713,90,99.64174,,

149.1713,90,99.64174,,

149.1713,90,99.64174,,

149.1713,90,99.64174,,

149.1713,90,99.64174,,

149.1713,90,99.64174,,

149.1713,90,99.64174,,

149.1713,90,99.64174,,

149.1713,90,99.64174,,

149.1713,90,99.64174,,

149.1713,90,99.64174,,

149.1713,90,99.64174,,

149.1713,90,99.64174,,

149.1713,90,99.64174,,

149.1713,90,99.64174,,

149.1713,90,99.64174,,

149.1713,90,99.64174,,

149.1713,90,99.64174,,

149.1713,90,99.64174,,

149.1713,90,99.64174,,

149.1713,90,99.64174,,

149.1713,90,99.64174,,

149.1713,90,99.64174,,

149.1713,90,99.64174,,

149.1713,90,99.64174,,

149.1713,90,99.64174,,

149.1713,90,99.64174,,

149.1713,90,99.64174,,

149.1713,90,99.64174,,

149.1713,90,99.64174,,

149.1713,90,99.64174,,

149.1713,90,99.64174,,

149.1713,90,99.64174,,

149.1713,90,99.64174,,

149.1713,90,99.64174,,

149.1713,90,99.64174,,

149.1713,90,99.64174,,

149.1713,90,99.64174,,

149.1713,90,99.64174,,

149.1713,90,99.64174,,

149.1713,90,99.64174,,

149.1713,90,99.64174,,

149.1713,90,99.64174,,

149.1713,90,99.64174,,

149.1713,90,99.64174,,

149.1713,90,99.64174,,

149.1713,90,99.64174,,

149.1713,90,99.64174,,

149.1713,90,99.64174,,

149.1713,90,99.64174,,

149.1713,90,99.64174,,

149.1713,90,99.64174,,

149.1713,90,99.64174,,

149.1713,90,99.64174,,

149.1713,90,99.64174,,

149.1713,90,99.64174,,

149.1713,90,99.64174,,

149.1713,90,99.64174,,

149.1713,90,99.64174,,

149.1713,90,99.64174,,

149.1713,90,99.64174,,

149.1713,90,99.64174,,

149.1713,90,99.64174,,

149.1713,90,99.64174,,

149.1713,90,99.64174,,

149.1713,90,99.64174,,

149.1713,90,99.64174,,

149.1713,90,99.64174,,

149.1713,90,99.64174,,

149.1713,90,99.64174,,

149.1713,90,99.64174,,

149.1713,90,99.64174,,

149.1713,90,99.64174,,

149.1713,90,99.64174,,

149.1713,90,99.64174,,

149.1713,90,99.64174,,

149.1713,90,99.64174,,

149.1713,90,99.64174,,

149.1713,90,99.64174,,

149.1713,90,99.64174,,

149.1713,90,99.64174,,

149.1713,90,99.64174,,

149.1713,90,99.64174,,

149.1713,90,99.64174,,

149.1713,90,99.64174,,

149.1713,90,99.64174,,

149.1713,90,99.64174,,

149.1713,90,99.64174,,

149.1713,90,99.64174,,

149.1713,90,99.64174,,

149.1713,90,99.64174,,

149.1713,90,99.64174,,

149.1713,90,99.64174,,

149.1713,90,99.64174,,

149.1713,90,99.64174,,

149.1713,90,99.64174,,

149.1713,90,99.64174,,

149.1713,90,99.64174,,

149.1713,90,99.64174,,

149.1713,90,99.64174,,

149.1713,90,99.64174,,

149.1713,90,99.64174,,

149.1713,90,99.64174,,

149.1713,90,99.64174,,

149.1713,90,99.64174,,

149.1713,90,99.64174,,

149.1713,90,99.64174,,

149.1713,90,99.64174,,

149.1713,90,99.64174,,

149.1713,90,99.64174,,

149.1713,90,99.64174,,

149.1713,90,99.64174,,

149.1713,90,99.64174,,

149.1713,90,99.64174,,

149.1713,90,99.64174,,

149.1713,90,99.64174,,

149.1713,90,99.64174,,

149.1713,90,99.64174,,

149.1713,90,99.64174,,

149.1713,90,99.64174,,

149.1713,90,99.64174,,

149.1713,90,99.64174,,

149.1713,90,99.64174,,

149.1713,90,99.64174,,

149.1713,90,99.64174,,

149.1713,90,99.64174,,

149.1713,90,99.64174,,

149.1713,90,99.64174,,

149.1713,90,99.64174,,

149.1713,90,99.64174,,

149.1713,90,99.64174,,

149.1713,90,99.64174,,

149.1713,90,99.64174,,

149.1713,90,99.64174,,

149.1713,90,99.64174,,

149.1713,90,99.64174,,

149.1713,90,99.64174,,

149.1713,90,99.64174,,

149.1713,90,99.64174,,

149.1713,90,99.64174,,

149.1713,90,99.64174,,

149.1713,90,99.64174,,

149.1713,90,99.64174,,

149.1713,90,99.64174,,

149.1713,90,99.64174,,

149.1713,90,99.64174,,

149.1713,90,99.64174,,

149.1713,90,99.64174,,

149.1713,90,99.64174,,

149.1713,90,99.64174,,

149.1713,90,99.64174,,

149.1713,90,99.64174,,

149.1713,90,99.64174,,

149.1713,90,99.64174,,

149.1713,90,99.64174,,

149.1713,90,99.64174,,

149.1713,90,99.64174,,

149.1713,90,99.64174,,

149.1713,90,99.64174,,

149.1713,90,99.64174,,

149.1713,90,99.64174,,

149.1713,90,99.64174,,

149.1713,90,99.64174,,

149.1713,90,99.64174,,

149.1713,90,99.64174,,

149.1713,90,99.64174,,

149.1713,90,99.64174,,

149.1713,90,99.64174,,

149.1713,90,99.64174,,

149.1713,90,99.64174,,

149.1713,90,99.64174,,

149.1713,90,99.64174,,

149.1713,90,99.64174,,

149.1713,90,99.64174,,

149.1713,90,99.64174,,

149.1713,90,99.64174,,

149.1713,90,99.64174,,

149.1713,90,99.64174,,

149.1713,90,99.64174,,

149.1713,90,99.64174,,

149.1713,90,99.64174,,

149.1713,90,99.64174,,

149.1713,90,99.64174,,

149.1713,90,99.64174,,

149.1713,90,99.64174,,

149.1713,90,99.64174,,

149.1713,90,99.64174,,

149.1713,90,99.64174,,

149.1713,90,99.64174,,

149.1713,90,99.64174,,

149.1713,90,99.64174,,

149.1713,90,99.64174,,

149.1713,90,99.64174,,

149.1713,90,99.64174,,

149.1713,90,111.5962,,

149.1713,90,99.64174,,

149.1713,90,99.64174,,

149.1713,90,99.64174,,

149.1713,90,99.64174,,

149.1713,90,99.64174,,

149.1713,90,99.64174,,

149.1713,90,99.64174,,

149.1713,90,99.64174,,

149.1713,90,99.64174,,

149.1713,90,99.64174,,

149.1713,90,99.64174,,

149.1713,90,99.64174,,

149.1713,90,99.64174,,

149.1713,90,99.64174,,

149.1713,90,99.64174,,

149.1713,90,99.64174,,

149.1713,90,99.64174,,

149.1713,90,99.64174,,

149.1713,90,99.64174,,

149.1713,90,99.64174,,

149.1713,90,99.64174,,

149.1713,90,99.64174,,

149.1713,90,99.64174,,

149.1713,90,99.64174,,

149.1713,90,99.64174,,

149.1713,90,99.64174,,

149.1713,90,99.64174,,

149.1713,90,99.64174,,

149.1713,90,99.64174,,

149.1713,90,99.64174,,

149.1713,90,99.64174,,

149.1713,90,99.64174,,

149.1713,90,99.64174,,

149.1713,90,99.64174,,

149.1713,90,99.64174,,

149.1713,90,99.64174,,

149.1713,90,99.64174,,

149.1713,90,99.64174,,

149.1713,90,99.64174,,

149.1713,90,99.64174,,

149.1713,90,99.64174,,

149.1713,90,99.64174,,

149.1713,90,99.64174,,

149.1713,90,99.64174,,

149.1713,90,99.64174,,

149.1713,90,99.64174,,

149.1713,90,99.64174,,

149.1713,90,99.64174,,

149.1713,90,99.64174,,

149.1713,90,99.64174,,

149.1713,90,99.64174,,

149.1713,90,99.64174,,

149.1713,90,99.64174,,

149.1713,90,99.64174,,

149.1713,90,99.64174,,

149.1713,90,99.64174,,

149.1713,90,99.64174,,

149.1713,90,99.64174,,

149.1713,90,99.64174,,

149.1713,90,99.64174,,

149.1713,90,99.64174,,

149.1713,90,99.64174,,

149.1713,90,99.64174,,

149.1713,90,99.64174,,

149.1713,90,99.64174,,

149.1713,90,99.64174,,

149.1713,90,99.64174,,

149.1713,90,99.64174,,

149.1713,90,99.64174,,

149.1713,90,99.64174,,

149.1713,90,99.64174,,

149.1713,90,99.64174,,

149.1713,90,99.64174,,

149.1713,90,99.64174,,

149.1713,90,99.64174,,

149.1713,90,99.64174,,

149.1713,90,99.64174,,

149.1713,90,99.64174,,

149.1713,90,99.64174,,

149.1713,90,99.64174,,

149.1713,90,99.64174,,

149.1713,90,99.64174,,

149.1713,90,99.64174,,

149.1713,90,99.64174,,

149.1713,90,99.64174,,

149.1713,90,99.64174,,

149.1713,90,99.64174,,

149.1713,90,99.64174,,

149.1713,90,99.64174,,

149.1713,90,99.64174,,

149.1713,90,99.64174,,

149.1713,90,99.64174,,

149.1713,90,99.64174,,

149.1713,90,99.64174,,

149.1713,90,99.64174,,

149.1713,90,99.64174,,

149.1713,90,99.64174,,

149.1713,90,99.64174,,

149.1713,90,99.64174,,

149.1713,90,99.64174,,

149.1713,90,99.64174,,

149.1713,90,99.64174,,

149.1713,90,99.64174,,

149.1713,90,99.64174,,

149.1713,90,99.64174,,

149.1713,90,99.64174,,

149.1713,90,99.64174,,

149.1713,90,99.64174,,

149.1713,90,99.64174,,

149.1713,90,99.64174,,

149.1713,90,99.64174,,

149.1713,90,99.64174,,

149.1713,90,99.64174,,

149.1713,90,99.64174,,

149.1713,90,99.64174,,

149.1713,90,99.64174,,

149.1713,90,99.64174,,

149.1713,90,99.64174,,

149.1713,90,99.64174,,

149.1713,90,99.64174,,

149.1713,90,99.64174,,

149.1713,90,99.64174,,

149.1713,90,99.64174,,

149.1713,90,99.64174,,

149.1713,90,99.64174,,

149.1713,90,99.64174,,

149.1713,90,99.64174,,

149.1713,90,99.64174,,

149.1713,90,99.64174,,

149.1713,90,99.64174,,

149.1713,90,99.64174,,

149.1713,90,99.64174,,

149.1713,90,99.64174,,

149.1713,90,99.64174,,

149.1713,90,99.64174,,

149.1713,90,99.64174,,

149.1713,90,99.64174,,

149.1713,90,99.64174,,

149.1713,90,99.64174,,

149.1713,90,99.64174,,

149.1713,90,99.64174,,

149.1713,90,99.64174,,

149.1713,90,99.64174,,

149.1713,90,99.64174,,

149.1713,90,99.64174,,

149.1713,90,99.64174,,

149.1713,90,99.64174,,

149.1713,90,99.64174,,

149.1713,90,99.64174,,

149.1713,90,99.64174,,

149.1713,90,99.64174,,

149.1713,90,99.64174,,

149.1713,90,99.64174,,

149.1713,90,99.64174,,

149.1713,90,99.64174,,

149.1713,90,99.64174,,

149.1713,90,99.64174,,

149.1713,90,99.64174,,

149.1713,90,99.64174,,

149.1713,90,99.64174,,

149.1713,90,99.64174,,

149.1713,90,99.64174,,

149.1713,90,99.64174,,

149.1713,90,99.64174,,

149.1713,90,99.64174,,

149.1713,90,99.64174,,

149.1713,90,99.64174,,

149.1713,90,99.64174,,

149.1713,90,99.64174,,

149.1713,90,99.64174,,

149.1713,90,99.64174,,

149.1713,90,99.64174,,

149.1713,90,99.64174,,

149.1713,90,99.64174,,

149.1713,90,99.64174,,

149.1713,90,99.64174,,

149.1713,90,99.64174,,

149.1713,90,99.64174,,

149.1713,90,99.64174,,

149.1713,90,99.64174,,

149.1713,90,99.64174,,

149.1713,90,99.64174,,

149.1713,90,99.64174,,

149.1713,90,99.64174,,

149.1713,90,99.64174,,

149.1713,90,99.64174,,

149.1713,90,99.64174,,

149.1713,90,99.64174,,

149.1713,90,99.64174,,

149.1713,90,99.64174,,

149.1713,90,99.64174,,

149.1713,90,99.64174,,

149.1713,90,99.64174,,

149.1713,90,99.64174,,

149.1713,90,99.64174,,

149.1713,90,99.64174,,

149.1713,90,99.64174,,

149.1713,90,99.64174,,

149.1713,90,99.64174,,

149.1713,90,99.64174,,

149.1713,90,99.64174,,

149.1713,90,99.64174,,

149.1713,90,99.64174,,

149.1713,90,99.64174,,

149.1713,90,99.64174,,

149.1713,90,99.64174,,

149.1713,90,99.64174,,

149.1713,90,99.64174,,

149.1713,90,99.64174,,

149.1713,90,99.64174,,

149.1713,90,99.64174,,

149.1713,90,99.64174,,

149.1713,90,99.64174,,

149.1713,90,99.64174,,

149.1713,90,99.64174,,

149.1713,90,99.64174,,

149.1713,90,99.64174,,

149.1713,90,99.64174,,

149.1713,90,99.64174,,

149.1713,90,99.64174,,

149.1713,90,99.64174,,

149.1713,90,99.64174,,

149.1713,90,99.64174,,

149.1713,90,99.64174,,

149.1713,90,99.64174,,

149.1713,90,99.64174,,

149.1713,90,99.64174,,

149.1713,90,99.64174,,

149.1713,90,99.64174,,

149.1713,90,99.64174,,

149.1713,90,99.64174,,

149.1713,90,99.64174,,

149.1713,90,99.64174,,

149.1713,90,99.64174,,

149.1713,90,99.64174,,

149.1713,90,99.64174,,

149.1713,90,99.64174,,

149.1713,90,99.64174,,

149.1713,90,99.64174,,

149.1713,90,99.64174,,

149.1713,90,99.64174,,

149.1713,90,99.64174,,

149.1713,90,99.64174,,

149.1713,90,99.64174,,

149.1713,90,99.64174,,

149.1713,90,99.64174,,

149.1713,90,99.64174,,

149.1713,90,99.64174,,

149.1713,90,99.64174,,

149.1713,90,99.64174,,

149.1713,90,99.64174,,

149.1713,90,99.64174,,

149.1713,90,99.64174,,

149.1713,90,99.64174,,

149.1713,90,99.64174,,

149.1713,90,99.64174,,

149.1713,90,99.64174,,

149.1713,90,99.64174,,

149.1713,90,99.64174,,

149.1713,90,99.64174,,

149.1713,90,99.64174,,

149.1713,90,99.64174,,

149.1713,90,99.64174,,

149.1713,90,99.64174,,

149.1713,90,99.64174,,

149.1713,90,99.64174,,

149.1713,90,99.64174,,

149.1713,90,99.64174,,

149.1713,90,99.64174,,

149.1713,90,99.64174,,

149.1713,90,99.64174,,

149.1713,90,99.64174,,

149.1713,90,99.64174,,

149.1713,90,99.64174,,

149.1713,90,99.64174,,

149.1713,90,99.64174,,

149.1713,90,99.64174,,

149.1713,90,99.64174,,

149.1713,90,99.64174,,

149.1713,90,99.64174,,

149.1713,90,99.64174,,

149.1713,90,99.64174,,

149.1713,90,99.64174,,

149.1713,90,99.64174,,

149.1713,90,99.64174,,

149.1713,90,99.64174,,

149.1713,90,99.64174,,

149.1713,90,99.64174,,

149.1713,90,99.64174,,

149.1713,90,99.64174,,

149.1713,90,99.64174,,

149.1713,90,99.64174,,

149.1713,90,99.64174,,

149.1713,90,99.64174,,

149.1713,90,99.64174,,

149.1713,90,99.64174,,

149.1713,90,99.64174,,

149.1713,90,99.64174,,

149.1713,90,99.64174,,

149.1713,90,99.64174,,

149.1713,90,99.64174,,

149.1713,90,99.64174,,

149.1713,90,99.64174,,

149.1713,90,99.64174,,

149.1713,90,99.64174,,

149.1713,90,99.64174,,

149.1713,90,99.64174,,

149.1713,90,99.64174,,

149.1713,90,99.64174,,

149.1713,90,99.64174,,

149.1713,90,99.64174,,

149.1713,90,99.64174,,

149.1713,90,99.64174,,

149.1713,90,99.64174,,

149.1713,90,99.64174,,

149.1713,90,99.64174,,

149.1713,90,99.64174,,

149.1713,90,99.64174,,

149.1713,90,99.64174,,

149.1713,90,99.64174,,

149.1713,90,99.64174,,

149.1713,90,99.64174,,

149.1713,90,99.64174,,

149.1713,90,99.64174,,

149.1713,90,99.64174,,

149.1713,90,99.64174,,

149.1713,90,99.64174,,

149.1713,90,99.64174,,

149.1713,90,99.64174,,

149.1713,90,99.64174,,

149.1713,90,99.64174,,

149.1713,90,99.64174,,

149.1713,90,99.64174,,

149.1713,90,99.64174,,

149.1713,90,99.64174,,

149.1713,90,99.64174,,

149.1713,90,99.64174,,

149.1713,90,99.64174,,

149.1713,90,99.64174,,

149.1713,90,99.64174,,

149.1713,90,99.64174,,

149.1713,90,99.64174,,

149.1713,90,99.64174,,

149.1713,90,99.64174,,

149.1713,90,99.64174,,

149.1713,90,99.64174,,

149.1713,90,99.64174,,

149.1713,90,99.64174,,

149.1713,90,99.64174,,

149.1713,90,99.64174,,

149.1713,90,99.64174,,

149.1713,90,99.64174,,

149.1713,90,99.64174,,

149.1713,90,99.64174,,

149.1713,90,99.64174,,

149.1713,90,99.64174,,

149.1713,90,99.64174,,

149.1713,90,99.64174,,

149.1713,90,99.64174,,

149.1713,90,99.64174,,

149.1713,90,99.64174,,

149.1713,90,99.64174,,

149.1713,90,99.64174,,

149.1713,90,99.64174,,

149.1713,90,99.64174,,

149.1713,90,99.64174,,

149.1713,90,99.64174,,

149.1713,90,99.64174,,

149.1713,90,99.64174,,

149.1713,90,99.64174,,

149.1713,90,99.64174,,

149.1713,90,99.64174,,

149.1713,90,99.64174,,

149.1713,90,99.64174,,

149.1713,90,99.64174,,

149.1713,90,99.64174,,

149.1713,90,99.64174,,

149.1713,90,99.64174,,

149.1713,90,99.64174,,

149.1713,90,99.64174,,

149.1713,90,99.64174,,

149.1713,90,99.64174,,

149.1713,90,99.64174,,

149.1713,90,99.64174,,

149.1713,90,99.64174,,

149.1713,90,99.64174,,

149.1713,90,99.64174,,

149.1713,90,99.64174,,

149.1713,90,99.64174,,

149.1713,90,99.64174,,

149.1713,90,99.64174,,

149.1713,90,99.64174,,

149.1713,90,99.64174,,

149.1713,90,99.64174,,

149.1713,90,99.64174,,

149.1713,90,99.64174,,

149.1713,90,99.64174,,

149.1713,90,99.64174,,

149.1713,90,99.64174,,

149.1713,90,99.64174,,

149.1713,90,99.64174,,

149.1713,90,99.64174,,

149.1713,90,99.64174,,

149.1713,90,99.64174,,

149.1713,90,99.64174,,

149.1713,90,99.64174,,

149.1713,90,99.64174,,

149.1713,90,99.64174,,

149.1713,90,99.64174,,

149.1713,90,99.64174,,

149.1713,90,99.64174,,

149.1713,90,99.64174,,

149.1713,90,99.64174,,

149.1713,90,99.64174,,

149.1713,90,99.64174,,

149.1713,90,99.64174,,

149.1713,90,99.64174,,

149.1713,90,99.64174,,

149.1713,90,99.64174,,

149.1713,90,99.64174,,

149.1713,90,99.64174,,

149.1713,90,99.64174,,

149.1713,90,99.64174,,

149.1713,90,99.64174,,

149.1713,90,99.64174,,

149.1713,90,99.64174,,

149.1713,90,99.64174,,

149.1713,90,99.64174,,

149.1713,90,99.64174,,

149.1713,90,99.64174,,

149.1713,90,99.64174,,

149.1713,90,99.64174,,

149.1713,90,99.64174,,

149.1713,90,99.64174,,

149.1713,90,99.64174,,

149.1713,90,99.64174,,

149.1713,90,99.64174,,

149.1713,90,99.64174,,

149.1713,90,99.64174,,

149.1713,90,99.64174,,

149.1713,90,99.64174,,

149.1713,90,99.64174,,

149.1713,90,99.64174,,

149.1713,90,99.64174,,

149.1713,90,99.64174,,

149.1713,90,99.64174,,

149.1713,90,99.64174,,

149.1713,90,99.64174,,

149.1713,90,99.64174,,

149.1713,90,99.64174,,

149.1713,90,99.64174,,

149.1713,90,99.64174,,

149.1713,90,99.64174,,

149.1713,90,99.64174,,

149.1713,90,99.64174,,

149.1713,90,99.64174,,

149.1713,90,99.64174,,

149.1713,90,99.64174,,

149.1713,90,99.64174,,

149.1713,90,99.64174,,

149.1713,90,99.64174,,

149.1713,90,99.64174,,

149.1713,90,99.64174,,

149.1713,90,99.64174,,

149.1713,90,99.64174,,

149.1713,90,99.64174,,

149.1713,90,99.64174,,

149.1713,90,99.64174,,

149.1713,90,99.64174,,

149.1713,90,99.64174,,

149.1713,90,99.64174,,

149.1713,90,99.64174,,

149.1713,90,99.64174,,

149.1713,90,99.64174,,

149.1713,90,99.64174,,

149.1713,90,99.64174,,

149.1713,90,99.64174,,

149.1713,90,99.64174,,

149.1713,90,99.64174,,

149.1713,90,99.64174,,

149.1713,90,99.64174,,

149.1713,90,99.64174,,

149.1713,90,99.64174,,

149.1713,90,99.64174,,

149.1713,90,99.64174,,

149.1713,90,99.64174,,

149.1713,90,99.64174,,

149.1713,90,99.64174,,

149.1713,90,99.64174,,

149.1713,90,99.64174,,

149.1713,90,99.64174,,

149.1713,90,99.64174,,

149.1713,90,99.64174,,

149.1713,90,99.64174,,

149.1713,90,99.64174,,

149.1713,90,99.64174,,

149.1713,90,99.64174,,

149.1713,90,99.64174,,

149.1713,90,99.64174,,

149.1713,90,99.64174,,

149.1713,90,99.64174,,

149.1713,90,99.64174,,

149.1713,90,99.64174,,

149.1713,90,99.64174,,

149.1713,90,99.64174,,

149.1713,90,99.64174,,

149.1713,90,99.64174,,

149.1713,90,99.64174,,

149.1713,90,99.64174,,

149.1713,90,99.64174,,

149.1713,90,99.64174,,

149.1713,90,99.64174,,

149.1713,90,99.64174,,

149.1713,90,99.64174,,

149.1713,90,99.64174,,

149.1713,90,99.64174,,

149.1713,90,99.64174,,

149.1713,90,99.64174,,

149.1713,90,99.64174,,

149.1713,90,99.64174,,

149.1713,90,99.64174,,

149.1713,90,99.64174,,

149.1713,90,99.64174,,

149.1713,90,99.64174,,

149.1713,90,99.64174,,

149.1713,90,99.64174,,

149.1713,90,99.64174,,

149.1713,90,99.64174,,

149.1713,90,99.64174,,

149.1713,90,99.64174,,

149.1713,90,99.64174,,

149.1713,90,99.64174,,

149.1713,90,99.64174,,

149.1713,90,99.64174,,

149.1713,90,99.64174,,

149.1713,90,99.64174,,

149.1713,90,99.64174,,

149.1713,90,99.64174,,

149.1713,90,99.64174,,

149.1713,90,99.64174,,

149.1713,90,99.64174,,

149.1713,90,99.64174,,

149.1713,90,99.64174,,

149.1713,90,99.64174,,

149.1713,90,99.64174,,

149.1713,90,99.64174,,

149.1713,90,99.64174,,

149.1713,90,99.64174,,

149.1713,90,99.64174,,

149.1713,90,99.64174,,

149.1713,90,99.64174,,

149.1713,90,99.64174,,

149.1713,90,99.64174,,

149.1713,90,99.64174,,

149.1713,90,99.64174,,

149.1713,90,99.64174,,

149.1713,90,99.64174,,

149.1713,90,99.64174,,

149.1713,90,99.64174,,

149.1713,90,99.64174,,

149.1713,90,99.64174,,

149.1713,90,99.64174,,

149.1713,90,99.64174,,

149.1713,90,99.64174,,

149.1713,90,99.64174,,

149.1713,90,99.64174,,

149.1713,90,99.64174,,

149.1713,90,99.64174,,

149.1713,90,99.64174,,

149.1713,90,99.64174,,

149.1713,90,99.64174,,

149.1713,90,99.64174,,

149.1713,90,99.64174,,

149.1713,90,99.64174,,

149.1713,90,99.64174,,

149.1713,90,99.64174,,

149.1713,90,99.64174,,

149.1713,90,99.64174,,

149.1713,90,99.64174,,

149.1713,90,99.64174,,

149.1713,90,99.64174,,

149.1713,90,99.64174,,

149.1713,90,99.64174,,

149.1713,90,99.64174,,

149.1713,90,99.64174,,

149.1713,90,99.64174,,

149.1713,90,99.64174,,

149.1713,90,99.64174,,

149.1713,90,99.64174,,

149.1713,90,99.64174,,

149.1713,90,99.64174,,

149.1713,90,99.64174,,

149.1713,90,99.64174,,

149.1713,90,99.64174,,

149.1713,90,99.64174,,

149.1713,90,99.64174,,

149.1713,90,99.64174,,

149.1713,90,99.64174,,

149.1713,90,99.64174,,

149.1713,90,99.64174,,

149.1713,90,99.64174,,

149.1713,90,99.64174,,

149.1713,90,99.64174,,

149.1713,90,99.64174,,

149.1713,90,99.64174,,

149.1713,90,99.64174,,

149.1713,90,99.64174,,

149.1713,90,99.64174,,

149.1713,90,99.64174,,

149.1713,90,99.64174,,

149.1713,90,99.64174,,

149.1713,90,99.64174,,

149.1713,90,99.64174,,

149.1713,90,99.64174,,

149.1713,90,99.64174,,

149.1713,90,99.64174,,

149.1713,90,99.64174,,

149.1713,90,99.64174,,

149.1713,90,99.64174,,

149.1713,90,99.64174,,

149.1713,90,99.64174,,

149.1713,90,99.64174,,

149.1713,90,99.64174,,

149.1713,90,99.64174,,

149.1713,90,99.64174,,

149.1713,90,99.64174,,

149.1713,90,99.64174,,

149.1713,90,99.64174,,

149.1713,90,99.64174,,

149.1713,90,99.64174,,

149.1713,90,99.64174,,

149.1713,90,99.64174,,

149.1713,90,99.64174,,

149.1713,90,99.64174,,

149.1713,90,99.64174,,

149.1713,90,99.64174,,

149.1713,90,99.64174,,

149.1713,90,99.64174,,

149.1713,90,99.64174,,

149.1713,90,99.64174,,

149.1713,90,99.64174,,

149.1713,90,99.64174,,

149.1713,90,99.64174,,

149.1713,90,99.64174,,

149.1713,90,99.64174,,

149.1713,90,99.64174,,

149.1713,90,99.64174,,

149.1713,90,99.64174,,

149.1713,90,99.64174,,

149.1713,90,99.64174,,

149.1713,90,99.64174,,

149.1713,90,99.64174,,

149.1713,90,99.64174,,

149.1713,90,99.64174,,

149.1713,90,99.64174,,

149.1713,90,99.64174,,

149.1713,90,99.64174,,

149.1713,90,99.64174,,

149.1713,90,99.64174,,

149.1713,90,99.64174,,

149.1713,90,99.64174,,

149.1713,90,99.64174,,

149.1713,90,99.64174,,

149.1713,90,99.64174,,

149.1713,90,99.64174,,

149.1713,90,99.64174,,

149.1713,90,99.64174,,

149.1713,90,99.64174,,

149.1713,90,99.64174,,

149.1713,90,99.64174,,

149.1713,90,99.64174,,

149.1713,90,99.64174,,

149.1713,90,99.64174,,

149.1713,90,99.64174,,

149.1713,90,99.64174,,

149.1713,90,99.64174,,

149.1713,90,99.64174,,

149.1713,90,99.64174,,

149.1713,90,99.64174,,

149.1713,90,99.64174,,

149.1713,90,99.64174,,

149.1713,90,99.64174,,

149.1713,90,99.64174,,

149.1713,90,99.64174,,

149.1713,90,99.64174,,

149.1713,90,99.64174,,

149.1713,90,99.64174,,

149.1713,90,99.64174,,

149.1713,90,99.64174,,

149.1713,90,99.64174,,

149.1713,90,99.64174,,

149.1713,90,99.64174,,

149.1713,90,99.64174,,

149.1713,90,99.64174,,

149.1713,90,99.64174,,

149.1713,90,99.64174,,

149.1713,90,99.64174,,

149.1713,90,99.64174,,

149.1713,90,99.64174,,

149.1713,90,99.64174,,

149.1713,90,99.64174,,

149.1713,90,99.64174,,

149.1713,90,99.64174,,

149.1713,90,99.64174,,

149.1713,90,99.64174,,

149.1713,90,99.64174,,

149.1713,90,99.64174,,

149.1713,90,99.64174,,

149.1713,90,99.64174,,

149.1713,90,99.64174,,

149.1713,90,99.64174,,

149.1713,90,99.64174,,

149.1713,90,99.64174,,

149.1713,90,99.64174,,

149.1713,90,99.64174,,

149.1713,90,99.64174,,

149.1713,90,99.64174,,

149.1713,90,99.64174,,

149.1713,90,99.64174,,

149.1713,90,99.64174,,

149.1713,90,99.64174,,

149.1713,90,99.64174,,

149.1713,90,99.64174,,

149.1713,90,99.64174,,

149.1713,90,99.64174,,

149.1713,90,99.64174,,

149.1713,90,99.64174,,

149.1713,90,99.64174,,

149.1713,90,99.64174,,

149.1713,90,99.64174,,

149.1713,90,99.64174,,

149.1713,90,99.64174,,

149.1713,90,99.64174,,

149.1713,90,99.64174,,

149.1713,90,99.64174,,

149.1713,90,99.64174,,

149.1713,90,99.64174,,

149.1713,90,99.64174,,

149.1713,90,99.64174,,

149.1713,90,99.64174,,

149.1713,90,99.64174,,

149.1713,90,99.64174,,

149.1713,90,99.64174,,

149.1713,90,99.64174,,

149.1713,90,99.64174,,

149.1713,90,99.64174,,

149.1713,90,99.64174,,

149.1713,90,99.64174,,

149.1713,90,99.64174,,

149.1713,90,99.64174,,

149.1713,90,99.64174,,

149.1713,90,99.64174,,

149.1713,90,99.64174,,

149.1713,90,99.64174,,

149.1713,90,99.64174,,

149.1713,90,99.64174,,

149.1713,90,99.64174,,

149.1713,90,99.64174,,

149.1713,90,99.64174,,

149.1713,90,99.64174,,

149.1713,90,99.64174,,

149.1713,90,99.64174,,

149.1713,90,99.64174,,

149.1713,90,99.64174,,

149.1713,90,99.64174,,

149.1713,90,99.64174,,

149.1713,90,99.64174,,

149.1713,90,99.64174,,

149.1713,90,99.64174,,

149.1713,90,99.64174,,

149.1713,90,99.64174,,

149.1713,90,99.64174,,

149.1713,90,99.64174,,

149.1713,90,99.64174,,

149.1713,90,99.64174,,

149.1713,90,99.64174,,

136.786,90,77.74809,,

113.261,90,83.39684,,

172.0109,90,98.93437,,

174.7749,90,97.87735,,

174.1817,90,96.00698,,

174.1826,90,95.99721,,

174.1777,90,95.98644,,

174.1771,90,95.9854,,

174.1772,90,95.9855,,

174.1772,90,95.98552,,

174.1772,90,95.98552,,

174.1772,90,95.98552,,

174.1772,90,95.98552,,

174.1772,90,95.98552,,

174.1772,90,95.98552,,

174.1772,90,95.98552,,

174.1772,90,95.98552,,

174.1772,90,95.98552,,

174.1772,90,95.98552,,

174.1772,90,95.98552,,

174.1772,90,95.98552,,

174.1772,90,95.98552,,

174.1772,90,95.98552,,

174.1772,90,95.98552,,

174.1772,90,95.98552,,

174.1772,90,95.98552,,

174.1772,90,95.98552,,

174.1772,90,95.98552,,

174.1772,90,95.98552,,

174.1772,90,95.98552,,

174.1772,90,95.98552,,

174.1772,90,95.98552,,

174.1772,90,95.98552,,

174.1772,90,95.98552,,

174.1772,90,95.98552,,

174.1772,90,95.98552,,

174.1772,90,95.98552,,

174.1772,90,95.98552,,

174.1772,90,95.98552,,

174.1772,90,95.98552,,

174.1772,90,95.98552,,

174.1772,90,95.98552,,

174.1772,90,95.98552,,

174.1772,90,95.98552,,

174.1772,90,95.98552,,

174.1772,90,95.98552,,

174.1772,90,95.98552,,

174.1772,90,95.98552,,

174.1772,90,95.98552,,

174.1772,90,95.98552,,

174.1772,90,95.98552,,

174.1772,90,95.98552,,

174.1772,90,95.98552,,

174.1772,90,95.98552,,

174.1772,90,95.98552,,

174.1772,90,95.98552,,

174.1772,90,95.98552,,

174.1772,90,95.98552,,

174.1772,90,95.98552,,

174.1772,90,95.98552,,

174.1772,90,95.98552,,

174.1772,90,95.98552,,

174.1772,90,95.98552,,

174.1772,90,95.98552,,

174.1772,90,95.98552,,

174.1772,90,95.98552,,

174.1772,90,95.98552,,

174.1772,90,95.98552,,

174.1772,90,95.98552,,

174.1772,90,95.98552,,

174.1772,90,95.98552,,

174.1772,90,95.98552,,

174.1772,90,95.98552,,

174.1772,90,95.98552,,

174.1772,90,95.98552,,

174.1772,90,95.98552,,

174.1772,90,95.98552,,

174.1772,90,95.98552,,

174.1772,90,95.98552,,

174.1772,90,95.98552,,

174.1772,90,95.98552,,

174.1772,90,95.98552,,

174.1772,90,95.98552,,

174.1772,90,95.98552,,

174.1772,90,95.98552,,

174.1772,90,95.98552,,

174.1772,90,95.98552,,

174.1772,90,95.98552,,

174.1772,90,95.98552,,

174.1772,90,95.98552,,

174.1772,90,95.98552,,

174.1772,90,95.98552,,

174.1772,90,95.98552,,

174.1772,90,95.98552,,

174.1772,90,95.98552,,

174.1772,90,95.98552,,

174.1772,90,95.98552,,

174.1772,90,95.98552,,

174.1772,90,95.98552,,

174.1772,90,95.98552,,

174.1772,90,95.98552,,

174.1772,90,95.98552,,

174.1772,90,95.98552,,

174.1772,90,95.98552,,

174.1772,90,95.98552,,

174.1772,90,95.98552,,

174.1772,90,95.98552,,

174.1772,90,95.98552,,

174.1772,90,95.98552,,

174.1772,90,95.98552,,

174.1772,90,95.98552,,

174.1772,90,95.98552,,

174.1772,90,95.98552,,

174.1772,90,95.98552,,

174.1772,90,95.98552,,

174.1772,90,95.98552,,

174.1772,90,95.98552,,

174.1772,90,95.98552,,

174.1772,90,95.98552,,

174.1772,90,95.98552,,

174.1772,90,95.98552,,

174.1772,90,95.98552,,

174.1772,90,95.98552,,

174.1772,90,95.98552,,

174.1772,90,95.98552,,

174.1772,90,95.98552,,

174.1772,90,95.98552,,

174.1772,90,95.98552,,

174.1772,90,95.98552,,

174.1772,90,95.98552,,

174.1772,90,95.98552,,

174.1772,90,95.98552,,

174.1772,90,95.98552,,

174.1772,90,95.98552,,

174.1772,90,95.98552,,

174.1772,90,95.98552,,

174.1772,90,95.98552,,

174.1772,90,95.98552,,

174.1772,90,95.98552,,

174.1772,90,95.98552,,

174.1772,90,95.98552,,

174.1772,90,95.98552,,

174.1772,90,95.98552,,

174.1772,90,95.98552,,

174.1772,90,95.98552,,

174.1772,90,95.98552,,

174.1772,90,95.98552,,

174.1772,90,95.98552,,

174.1772,90,95.98552,,

174.1772,90,95.98552,,

174.1772,90,95.98552,,

174.1772,90,95.98552,,

174.1772,90,95.98552,,

174.1772,90,95.98552,,

174.1772,90,95.98552,,

149.1713,90,99.64174,,

149.1713,90,99.64174,,

149.1713,90,99.64174,,

149.1713,90,99.64174,,

149.1713,90,99.64174,,

149.1713,90,99.64174,,

149.1713,90,99.64174,,

149.1713,90,99.64174,,

149.1713,90,99.64174,,

149.1713,90,99.64174,,

149.1713,90,99.64174,,

149.1713,90,99.64174,,

149.1713,90,99.64174,,

149.1713,90,99.64174,,

149.1713,90,99.64174,,

149.1713,90,99.64174,,

149.1713,90,99.64174,,

149.1713,90,99.64174,,

149.1713,90,99.64174,,

149.1713,90,99.64174,,

149.1713,90,99.64174,,

149.1713,90,99.64174,,

149.1713,90,99.64174,,

149.1713,90,99.64174,,

149.1713,90,99.64174,,

149.1713,90,99.64174,,

149.1713,90,99.64174,,

149.1713,90,99.64174,,

149.1713,90,99.64174,,

149.1713,90,99.64174,,

149.1713,90,99.64174,,

149.1713,90,99.64174,,

149.1713,90,99.64174,,

149.1713,90,99.64174,,

149.1713,90,99.64174,,

149.1713,90,99.64174,,

149.1713,90,99.64174,,

149.1713,90,99.64174,,

149.1713,90,99.64174,,

149.1713,90,99.64174,,

149.1713,90,99.64174,,

149.1713,90,99.64174,,

149.1713,90,99.64174,,

149.1713,90,99.64174,,

149.1713,90,99.64174,,

149.1713,90,99.64174,,

149.1713,90,99.64174,,

149.1713,90,99.64174,,

149.1713,90,99.64174,,

149.1713,90,99.64174,,

149.1713,90,99.64174,,

149.1713,90,99.64174,,

149.1713,90,99.64174,,

149.1713,90,99.64174,,

149.1713,90,99.64174,,

149.1713,90,99.64174,,

149.1713,90,99.64174,,

149.1713,90,99.64174,,

149.1713,90,99.64174,,

149.1713,90,99.64174,,

149.1713,90,99.64174,,

149.1713,90,99.64174,,

149.1713,90,99.64174,,

149.1713,90,99.64174,,

149.1713,90,99.64174,,

149.1713,90,99.64174,,

149.1713,90,99.64174,,

149.1713,90,99.64174,,

149.1713,90,99.64174,,

149.1713,90,99.64174,,

149.1713,90,99.64174,,

149.1713,90,99.64174,,

149.1713,90,99.64174,,

149.1713,90,99.64174,,

149.1713,90,99.64174,,

149.1713,90,99.64174,,

149.1713,90,99.64174,,

149.1713,90,99.64174,,

149.1713,90,99.64174,,

149.1713,90,99.64174,,

149.1713,90,99.64174,,

149.1713,90,99.64174,,

149.1713,90,99.64174,,

149.1713,90,99.64174,,

149.1713,90,99.64174,,

149.1713,90,99.64174,,

149.1713,90,99.64174,,

149.1713,90,99.64174,,

149.1713,90,99.64174,,

149.1713,90,99.64174,,

149.1713,90,99.64174,,

149.1713,90,99.64174,,

149.1713,90,99.64174,,

149.1713,90,99.64174,,

149.1713,90,99.64174,,

149.1713,90,99.64174,,

149.1713,90,99.64174,,

149.1713,90,99.64174,,

149.1713,90,99.64174,,

149.1713,90,99.64174,,

149.1713,90,99.64174,,

149.1713,90,99.64174,,

149.1713,90,99.64174,,

149.1713,90,99.64174,,

149.1713,90,99.64174,,

149.1713,90,99.64174,,

149.1713,90,99.64174,,

149.1713,90,99.64174,,

149.1713,90,99.64174,,

149.1713,90,99.64174,,

149.1713,90,99.64174,,

149.1713,90,99.64174,,

149.1713,90,99.64174,,

149.1713,90,99.64174,,

149.1713,90,99.64174,,

149.1713,90,99.64174,,

149.1713,90,99.64174,,

149.1713,90,99.64174,,

149.1713,90,99.64174,,

149.1713,90,99.64174,,

149.1713,90,99.64174,,

149.1713,90,99.64174,,

149.1713,90,99.64174,,

149.1713,90,99.64174,,

149.1713,90,99.64174,,

149.1713,90,99.64174,,

149.1713,90,99.64174,,

149.1713,90,99.64174,,

149.1713,90,99.64174,,

149.1713,90,99.64174,,

149.1713,90,99.64174,,

149.1713,90,99.64174,,

149.1713,90,99.64174,,

149.1713,90,99.64174,,

149.1713,90,99.64174,,

149.1713,90,99.64174,,

149.1713,90,99.64174,,

149.1713,90,99.64174,,

149.1713,90,99.64174,,

149.1713,90,99.64174,,

149.1713,90,99.64174,,

149.1713,90,99.64174,,

149.1713,90,99.64174,,

149.1713,90,99.64174,,

149.1713,90,99.64174,,

149.1713,90,99.64174,,

149.1713,90,99.64174,,

149.1713,90,99.64174,,

149.1713,90,99.64174,,

149.1713,90,99.64174,,

149.1713,90,99.64174,,

149.1713,90,99.64174,,

149.1713,90,99.64174,,

149.1713,90,99.64174,,

149.1713,90,99.64174,,

149.1713,90,99.64174,,

149.1713,90,99.64174,,

149.1713,90,99.64174,,

149.1713,90,99.64174,,

149.1713,90,99.64174,,

149.1713,90,99.64174,,

149.1713,90,99.64174,,

149.1713,90,99.64174,,

149.1713,90,99.64174,,

149.1713,90,99.64174,,

149.1713,90,99.64174,,

149.1713,90,99.64174,,

149.1713,90,99.64174,,

149.1713,90,99.64174,,

149.1713,90,99.64174,,

149.1713,90,99.64174,,

149.1713,90,99.64174,,

149.1713,90,99.64174,,

149.1713,90,99.64174,,

149.1713,90,99.64174,,

149.1713,90,99.64174,,

149.1713,90,99.64174,,

149.1713,90,99.64174,,

149.1713,90,99.64174,,

149.1713,90,99.64174,,

149.1713,90,99.64174,,

149.1713,90,99.64174,,

149.1713,90,99.64174,,

149.1713,90,99.64174,,

149.1713,90,99.64174,,

149.1713,90,99.64174,,

149.1713,90,99.64174,,

149.1713,90,99.64174,,

149.1713,90,99.64174,,

149.1713,90,99.64174,,

149.1713,90,99.64174,,

149.1713,90,99.64174,,

149.1713,90,99.64174,,

149.1713,90,99.64174,,

149.1713,90,99.64174,,

149.1713,90,99.64174,,

149.1713,90,99.64174,,

149.1713,90,99.64174,,

149.1713,90,99.64174,,

149.1713,90,99.64174,,

149.1713,90,99.64174,,

149.1713,90,99.64174,,

149.1713,90,99.64174,,

149.1713,90,99.64174,,

149.1713,90,99.64174,,

149.1713,90,99.64174,,

149.1713,90,99.64174,,

149.1713,90,99.64174,,

149.1713,90,99.64174,,

149.1713,90,99.64174,,

149.1713,90,99.64174,,

149.1713,90,99.64174,,

149.1713,90,99.64174,,

149.1713,90,99.64174,,

149.1713,90,99.64174,,

149.1713,90,99.64174,,

149.1713,90,99.64174,,

149.1713,90,99.64174,,

149.1713,90,99.64174,,

149.1713,90,99.64174,,

149.1713,90,99.64174,,

149.1713,90,99.64174,,

149.1713,90,99.64174,,

149.1713,90,99.64174,,

149.1713,90,99.64174,,

149.1713,90,99.64174,,

149.1713,90,99.64174,,

149.1713,90,99.64174,,

149.1713,90,99.64174,,

149.1713,90,99.64174,,

149.1713,90,99.64174,,

149.1713,90,99.64174,,

149.1713,90,99.64174,,

149.1713,90,99.64174,,

149.1713,90,99.64174,,

149.1713,90,99.64174,,

149.1713,90,99.64174,,

149.1713,90,99.64174,,

149.1713,90,99.64174,,

149.1713,90,99.64174,,

149.1713,90,99.64174,,

149.1713,90,99.64174,,

149.1713,90,99.64174,,

149.1713,90,99.64174,,

149.1713,90,99.64174,,

149.1713,90,99.64174,,

149.1713,90,99.64174,,

149.1713,90,99.64174,,

149.1713,90,99.64174,,

149.1713,90,99.64174,,

149.1713,90,99.64174,,

149.1713,90,99.64174,,

149.1713,90,99.64174,,

149.1713,90,99.64174,,

149.1713,90,99.64174,,

149.1713,90,99.64174,,

149.1713,90,99.64174,,

149.1713,90,99.64174,,

149.1713,90,99.64174,,

149.1713,90,99.64174,,

149.1713,90,99.64174,,

149.1713,90,99.64174,,

149.1713,90,99.64174,,

149.1713,90,99.64174,,

149.1713,90,99.64174,,

149.1713,90,99.64174,,

149.1713,90,99.64174,,

149.1713,90,99.64174,,

149.1713,90,99.64174,,

149.1713,90,99.64174,,

149.1713,90,99.64174,,

149.1713,90,99.64174,,

149.1713,90,99.64174,,

149.1713,90,99.64174,,

149.1713,90,99.64174,,

149.1713,90,99.64174,,

149.1713,90,99.64174,,

149.1713,90,99.64174,,

149.1713,90,99.64174,,

149.1713,90,99.64174,,

149.1713,90,99.64174,,

149.1713,90,99.64174,,

149.1713,90,99.64174,,

149.1713,90,99.64174,,

149.1713,90,99.64174,,

149.1713,90,99.64174,,

149.1713,90,99.64174,,

149.1713,90,99.64174,,

149.1713,90,99.64174,,

149.1713,90,99.64174,,

149.1713,90,99.64174,,

149.1713,90,99.64174,,

149.1713,90,99.64174,,

149.1713,90,99.64174,,

149.1713,90,99.64174,,

149.1713,90,99.64174,,

149.1713,90,99.64174,,

149.1713,90,99.64174,,

149.1713,90,99.64174,,

149.1713,90,99.64174,,

149.1713,90,99.64174,,

149.1713,90,99.64174,,

149.1713,90,99.64174,,

149.1713,90,99.64174,,

149.1713,90,99.64174,,

149.1713,90,99.64174,,

149.1713,90,99.64174,,

149.1713,90,99.64174,,

149.1713,90,99.64174,,

149.1713,90,99.64174,,

149.1713,90,99.64174,,

149.1713,90,99.64174,,

149.1713,90,99.64174,,

149.1713,90,99.64174,,

149.1713,90,99.64174,,

149.1713,90,99.64174,,

149.1713,90,99.64174,,

149.1713,90,99.64174,,

149.1713,90,99.64174,,

149.1713,90,99.64174,,

149.1713,90,99.64174,,

149.1713,90,99.64174,,

149.1713,90,99.64174,,

149.1713,90,99.64174,,

149.1713,90,99.64174,,

149.1713,90,99.64174,,

149.1713,90,99.64174,,

149.1713,90,99.64174,,

149.1713,90,99.64174,,

149.1713,90,99.64174,,

149.1713,90,99.64174,,

149.1713,90,99.64174,,

149.1713,90,99.64174,,

149.1713,90,99.64174,,

149.1713,90,99.64174,,

149.1713,90,99.64174,,

149.1713,90,99.64174,,

149.1713,90,99.64174,,

149.1713,90,99.64174,,

149.1713,90,99.64174,,

149.1713,90,99.64174,,

149.1713,90,99.64174,,

149.1713,90,99.64174,,

149.1713,90,99.64174,,

149.1713,90,99.64174,,

149.1713,90,99.64174,,

149.1713,90,99.64174,,

149.1713,90,99.64174,,

149.1713,90,99.64174,,

149.1713,90,99.64174,,

149.1713,90,99.64174,,

149.1713,90,99.64174,,

149.1713,90,99.64174,,

149.1713,90,99.64174,,

149.1713,90,99.64174,,

149.1713,90,99.64174,,

149.1713,90,99.64174,,

149.1713,90,99.64174,,

149.1713,90,99.64174,,

149.1713,90,99.64174,,

149.1713,90,99.64174,,

149.1713,90,99.64174,,

149.1713,90,99.64174,,

149.1713,90,99.64174,,

149.1713,90,99.64174,,

149.1713,90,99.64174,,

149.1713,90,99.64174,,

149.1713,90,99.64174,,

149.1713,90,99.64174,,

149.1713,90,99.64174,,

149.1713,90,99.64174,,

149.1713,90,99.64174,,

149.1713,90,99.64174,,

149.1713,90,99.64174,,

149.1713,90,99.64174,,

149.1713,90,99.64174,,

149.1713,90,99.64174,,

149.1713,90,99.64174,,

149.1713,90,99.64174,,

175.5557,90,96.14626,,

175.239,90,95.56341,,

175.2386,90,95.56247,,

175.2386,90,95.56251,,

175.2386,90,95.56251,,

175.2386,90,95.56251,,

175.2386,90,95.5625,,

175.2386,90,95.5625,,

175.2386,90,95.5625,,

175.2386,90,95.5625,,

175.2386,90,95.5625,,

175.2386,90,95.5625,,

175.2386,90,95.5625,,

175.2386,90,95.5625,,

175.2386,90,95.5625,,

175.2386,90,95.5625,,

175.2386,90,95.5625,,

175.2386,90,95.5625,,

175.2386,90,95.5625,,

175.2386,90,95.5625,,

175.2386,90,95.5625,,

175.2386,90,95.5625,,

175.2386,90,95.5625,,

175.2386,90,95.5625,,

175.2386,90,95.5625,,

175.2386,90,95.5625,,

175.2386,90,95.5625,,

175.2386,90,95.5625,,

175.2386,90,95.5625,,

175.2386,90,95.5625,,

175.2386,90,95.5625,,

175.2386,90,95.5625,,

175.2386,90,95.5625,,

175.2386,90,95.5625,,

175.2386,90,95.5625,,

175.2386,90,95.5625,,

175.2386,90,95.5625,,

175.2386,90,95.5625,,

175.2386,90,95.5625,,

175.2386,90,95.5625,,

175.2386,90,95.5625,,

175.2386,90,95.5625,,

175.2386,90,95.5625,,

175.2386,90,95.5625,,

175.2386,90,95.5625,,

175.2386,90,95.5625,,

175.2386,90,95.5625,,

175.2386,90,95.5625,,

175.2386,90,95.5625,,

175.2386,90,95.5625,,

175.2386,90,95.5625,,

175.2386,90,95.5625,,

175.2386,90,95.5625,,

175.2386,90,95.5625,,

175.2386,90,95.5625,,

175.2386,90,95.5625,,

175.2386,90,95.5625,,

175.2386,90,95.5625,,

175.2386,90,95.5625,,

175.2386,90,95.5625,,

175.2386,90,95.5625,,

175.2386,90,95.5625,,

175.2386,90,95.5625,,

175.2386,90,95.5625,,

175.2386,90,95.5625,,

175.2386,90,95.5625,,

175.2386,90,95.5625,,

175.2386,90,95.5625,,

175.2386,90,95.5625,,

175.2386,90,95.5625,,

175.2386,90,95.5625,,

175.2386,90,95.5625,,

175.2386,90,95.5625,,

175.2386,90,95.5625,,

175.2386,90,95.5625,,

175.2386,90,95.5625,,

175.2386,90,95.5625,,

175.2386,90,95.5625,,

175.2386,90,95.5625,,

175.2386,90,95.5625,,

175.2386,90,95.5625,,

175.2386,90,95.5625,,

175.2386,90,95.5625,,

175.2386,90,95.5625,,

175.2386,90,95.5625,,

175.2386,90,95.5625,,

175.2386,90,95.5625,,

175.2386,90,95.5625,,

175.2386,90,95.5625,,

175.2386,90,95.5625,,

175.2386,90,95.5625,,

175.2386,90,95.5625,,

175.2386,90,95.5625,,

175.2386,90,95.5625,,

175.2386,90,95.5625,,

175.2386,90,95.5625,,

175.2386,90,95.5625,,

175.2386,90,95.5625,,

175.2386,90,95.5625,,

175.2386,90,95.5625,,

175.2386,90,95.5625,,

175.2386,90,95.5625,,

175.2386,90,95.5625,,

175.2386,90,95.5625,,

175.2386,90,95.5625,,

175.2386,90,95.5625,,

175.2386,90,95.5625,,

175.2386,90,95.5625,,

175.2386,90,95.5625,,

175.2386,90,95.5625,,

175.2386,90,95.5625,,

175.2386,90,95.5625,,

175.2386,90,95.5625,,

175.2386,90,95.5625,,

175.2386,90,95.5625,,

175.2386,90,95.5625,,

175.2386,90,95.5625,,

175.2386,90,95.5625,,

175.2386,90,95.5625,,

175.2386,90,95.5625,,

175.2386,90,95.5625,,

175.2386,90,95.5625,,

175.2386,90,95.5625,,

175.2386,90,95.5625,,

175.2386,90,95.5625,,

175.2386,90,95.5625,,

175.2386,90,95.5625,,

175.2386,90,95.5625,,

175.2386,90,95.5625,,

175.2386,90,95.5625,,

175.2386,90,95.5625,,

175.2386,90,95.5625,,

175.2386,90,95.5625,,

175.2386,90,95.5625,,

175.2386,90,95.5625,,

175.2386,90,95.5625,,

175.2386,90,95.5625,,

175.2386,90,95.5625,,

175.2386,90,95.5625,,

175.2386,90,95.5625,,

175.2386,90,95.5625,,

175.2386,90,95.5625,,

175.2386,90,95.5625,,

175.2386,90,95.5625,,

175.2386,90,95.5625,,

175.2386,90,95.5625,,

175.2386,90,95.5625,,

175.2386,90,95.5625,,

175.2386,90,95.5625,,

175.2386,90,95.5625,,

175.2386,90,95.5625,,

175.2386,90,95.5625,,

175.2386,90,95.5625,,

175.2386,90,95.5625,,

175.2386,90,95.5625,,

175.2386,90,95.5625,,

175.2386,90,95.5625,,

175.2386,90,95.5625,,

175.2386,90,95.5625,,

175.2386,90,95.5625,,

175.2386,90,95.5625,,

175.2386,90,95.5625,,

175.2386,90,95.5625,,

175.2386,90,95.5625,,

175.2386,90,95.5625,,

175.2386,90,95.5625,,

175.2386,90,95.5625,,

175.2386,90,95.5625,,

175.2386,90,95.5625,,

175.2386,90,95.5625,,

175.2386,90,95.5625,,

175.2386,90,95.5625,,

175.2386,90,95.5625,,

175.2386,90,95.5625,,

175.2386,90,95.5625,,

175.2386,90,95.5625,,

175.2386,90,95.5625,,

175.2386,90,95.5625,,

175.2386,90,95.5625,,

175.2386,90,95.5625,,

175.2386,90,95.5625,,

175.2386,90,95.5625,,

175.2386,90,95.5625,,

175.2386,90,95.5625,,

175.2386,90,95.5625,,

175.2386,90,95.5625,,

175.2386,90,95.5625,,

175.2386,90,95.5625,,

175.2386,90,95.5625,,

175.2386,90,95.5625,,

175.2386,90,95.5625,,

175.2386,90,95.5625,,

175.2386,90,95.5625,,

175.2386,90,95.5625,,

175.2386,90,95.5625,,

175.2386,90,95.5625,,

175.2386,90,95.5625,,

175.2386,90,95.5625,,

175.2386,90,95.5625,,

175.2386,90,95.5625,,

175.2386,90,95.5625,,

175.2386,90,95.5625,,

175.2386,90,95.5625,,

175.2386,90,95.5625,,

175.2386,90,95.5625,,

175.2386,90,95.5625,,

175.2386,90,95.5625,,

175.2386,90,95.5625,,

175.2386,90,95.5625,,

175.2386,90,95.5625,,

175.2386,90,95.5625,,

175.2386,90,95.5625,,

175.2386,90,95.5625,,

175.2386,90,95.5625,,

175.2386,90,95.5625,,

175.2386,90,95.5625,,

175.2386,90,95.5625,,

175.2386,90,95.5625,,

175.2386,90,95.5625,,

175.2386,90,95.5625,,

175.2386,90,95.5625,,

175.2386,90,95.5625,,

175.2386,90,95.5625,,

175.2386,90,95.5625,,

175.2386,90,95.5625,,

175.2386,90,95.5625,,

175.2386,90,95.5625,,

175.2386,90,95.5625,,

175.2386,90,95.5625,,

175.2386,90,95.5625,,

175.2386,90,95.5625,,

175.2386,90,95.5625,,

175.2386,90,95.5625,,

175.2386,90,95.5625,,

175.2386,90,95.5625,,

175.2386,90,95.5625,,

175.2386,90,95.5625,,

175.2386,90,95.5625,,

175.2386,90,95.5625,,

175.2386,90,95.5625,,

175.2386,90,95.5625,,

175.2386,90,95.5625,,

175.2386,90,95.5625,,

175.2386,90,95.5625,,

175.2386,90,95.5625,,

175.2386,90,95.5625,,

175.2386,90,95.5625,,

175.2386,90,95.5625,,

175.2386,90,95.5625,,

175.2386,90,95.5625,,

175.2386,90,95.5625,,

175.2386,90,95.5625,,

175.2386,90,95.5625,,

175.2386,90,95.5625,,

175.2386,90,95.5625,,

175.2386,90,95.5625,,

175.2386,90,95.5625,,

175.2386,90,95.5625,,

175.2386,90,95.5625,,

175.2386,90,95.5625,,

175.2386,90,95.5625,,

175.2386,90,95.5625,,

